PropertyGFATotal,PropertyGFABuilding(s),NumberofFloors,NumberofBuildings,YearBuilt,PrimaryPropertyType,LargestPropertyUseTypeGFA,ZipCode,Neighborhood,Latitude,Longitude,ENERGYSTARScore,log_TotalGHGEmissions,log_SiteEnergyUse_kBtu
88434,88434,12.0,1.0,1927,Hotel,88434.0,98101.0,DOWNTOWN,47.6122,-122.33799,60.0,5.525373254682162,15.793246493880627
956110,759392,41.0,1.0,1969,Hotel,756493.0,98101.0,DOWNTOWN,47.61393,-122.3381,43.0,7.6450533072773705,18.100296744814614
61320,61320,10.0,1.0,1926,Hotel,61320.0,98101.0,DOWNTOWN,47.61412,-122.33664,56.0,5.660979352330892,15.731636529382916
97288,60090,2.0,1.0,1999,Other,88830.0,98101.0,DOWNTOWN,47.61623,-122.33657,67.0,5.713105546117053,16.307609365403174
83008,83008,11.0,1.0,1926,Hotel,81352.0,98101.0,DOWNTOWN,47.6139,-122.33283,27.0,5.176940380381437,15.566238983044945
102761,102761,8.0,1.0,1926,Other,102761.0,98101.0,DOWNTOWN,47.61327,-122.33136,67.0,5.404972044416576,15.6557637188467
163984,163984,15.0,1.0,1904,Hotel,163984.0,98104.0,DOWNTOWN,47.60294,-122.33263,43.0,5.974216653698429,16.434643640030767
153163,133884,11.0,1.0,1969,Hotel,133884.0,98101.0,DOWNTOWN,47.60695,-122.33414,30.0,6.539961607594982,16.589139051954007
333176,272015,25.0,1.0,1998,Hotel,336640.0,98101.0,DOWNTOWN,47.60713,-122.33323,36.0,6.609308811083168,17.109163967888286
65009,65009,9.0,1.0,1928,Hotel,65009.0,98104.0,DOWNTOWN,47.60699,-122.33346,48.0,5.796756594662978,15.701982831633819
104352,104352,10.0,1.0,1916,Hotel,104352.0,98104.0,DOWNTOWN,47.60376,-122.33194,39.0,5.858847022493143,16.13343824905496
540360,540360,10.0,1.0,1916,Other,537150.0,98104.0,DOWNTOWN,47.60265,-122.33051,76.0,7.143846644402559,17.621827854829043
385274,385274,19.0,1.0,1985,Other,385274.0,98104.0,DOWNTOWN,47.60378,-122.32842,67.0,7.43864820089824,17.683786733207448
126593,126593,7.0,1.0,1928,University,125000.0,98121.0,DOWNTOWN,47.61816,-122.33629,67.0,5.963682166095531,16.24417193569497
67224,67224,2.0,1.0,1930,Other,67224.0,98101.0,DOWNTOWN,47.615,-122.33081,67.0,2.315501318260592,14.08571907185736
171866,133585,10.0,1.0,2001,Hotel,128909.0,98101.0,DOWNTOWN,47.61784,-122.32966,57.0,5.797970813310776,16.219018866344626
68410,52210,5.0,1.0,1978,Hotel,47994.0,98121.0,DOWNTOWN,47.61558,-122.34186,57.0,4.863217453310182,15.309922617717225
81871,81871,4.0,1.0,1994,Hotel,81871.0,98105.0,NORTHEAST,47.66583,-122.29965,29.0,5.375278407684165,15.71291592712419
110356,110356,2.0,1.0,1955,Self-Storage Facility,26225.0,98105.0,NORTHEAST,47.66172,-122.29598,67.0,1.5953389880545987,12.670956354385986
175015,175015,3.0,1.0,1954,K-12 School,175015.0,98103.0,NORTHWEST,47.68891,-122.33553,95.0,5.516850305304563,15.760669210431033
332210,126240,24.0,1.0,1969,Hotel,348630.0,98101.0,DOWNTOWN,47.60946,-122.33337,67.0,5.691473698188603,16.598247301911137
150453,115718,7.0,1.0,2000,Hotel,107547.0,98109.0,LAKE UNION,47.62001,-122.34274,84.0,5.30305612089521,15.719882384569159
116300,88100,6.0,1.0,1997,Hotel,88490.0,98109.0,LAKE UNION,47.62025,-122.34314,80.0,5.096139981042732,15.578115209171504
155602,118858,6.0,1.0,1998,Hotel,155602.0,98119.0,MAGNOLIA / QUEEN ANNE,47.62023,-122.35951,81.0,5.035392945221982,15.737845116755992
56072,56072,3.0,1.0,1911,K-12 School,56072.0,98136.0,EAST,47.63442,-122.30793,76.0,4.9927428412546675,14.989474182393874
54984,54984,2.0,1.0,1962,Small- and Mid-Sized Office,54984.0,98122.0,CENTRAL,47.60823,-122.30956,71.0,4.488411625377895,15.031968695130814
93397,93397,2.0,1.0,1970,Senior Care Community,93397.0,98133.0,NORTHWEST,47.72426,-122.35599,1.0,6.413622878157807,16.61294822203779
179014,179014,3.0,1.0,1965,Medical Office,179014.0,98122.0,EAST,47.61244,-122.3214,48.0,6.068055149269695,16.630982508920763
76631,76631,7.0,1.0,1908,Hotel,76631.0,98104.0,EAST,47.60898,-122.32693,71.0,5.575001684790276,15.797719504432823
58320,58320,2.0,1.0,1929,Retail Store,72072.0,98109.0,LAKE UNION,47.62237,-122.33805,96.0,3.6903783302376723,13.864062241318464
389000,389000,1.0,1.0,1962,Other,368000.0,98109.0,MAGNOLIA / QUEEN ANNE,47.62208,-122.35398,67.0,6.410848996804957,16.979253262582553
91213,91213,1.0,1.0,1962,Other,65000.0,98109.0,MAGNOLIA / QUEEN ANNE,47.62208,-122.35398,67.0,5.844123959209273,15.912442804053937
396085,396085,5.0,1.0,1938,Other,278500.0,98109.0,MAGNOLIA / QUEEN ANNE,47.62208,-122.35398,67.0,6.691090693765636,16.857889127815785
52000,52000,2.0,1.0,1962,Other,52000.0,98109.0,MAGNOLIA / QUEEN ANNE,47.62395,-122.35077,67.0,4.6330771392411,14.818481612035468
60696,60696,1.0,1.0,1928,Other,108000.0,98109.0,MAGNOLIA / QUEEN ANNE,47.62395,-122.35077,67.0,1.9615022438151495,13.683057797692378
262048,262048,2.0,1.0,1928,Other,296000.0,98109.0,MAGNOLIA / QUEEN ANNE,47.62395,-122.35143,67.0,6.197929785369379,16.84676676808224
67743,67743,3.0,1.0,1923,K-12 School,67743.0,98112.0,EAST,47.62548,-122.30828,34.0,4.380149874661021,14.788892145840842
194104,194104,6.0,1.0,1908,K-12 School,194104.0,98112.0,EAST,47.62644,-122.30429,100.0,5.498110404253996,15.643255142851357
56521,56521,4.0,1.0,1941,Other,49000.0,98115.0,NORTHEAST,47.67524,-122.31534,67.0,3.8137484361598055,15.665166696232612
69138,69138,3.0,1.0,2002,Hotel,70609.0,98133.0,NORTHWEST,47.72551,-122.3423,78.0,4.500031867864786,14.991842550528414
284100,284100,6.0,1.0,1998,Other,189750.0,98111.0,DOWNTOWN,47.60804,-122.3367,67.0,6.064064239522326,16.499370725162287
72820,59000,4.0,1.0,1910,Other,58000.0,98104.0,DOWNTOWN,47.59809,-122.32283,67.0,3.8556642717587617,14.51387193345191
63330,63330,3.0,1.0,1915,University,64820.0,98122.0,EAST,47.61495,-122.32177,67.0,4.321878461837604,14.933846712657042
52611,52611,2.0,1.0,1980,University,52611.0,98119.0,MAGNOLIA / QUEEN ANNE,47.65147,-122.36122,67.0,4.656433479925633,15.230604331120192
139600,102100,4.0,1.0,2001,Residence Hall,135520.0,98119.0,MAGNOLIA / QUEEN ANNE,47.65068,-122.36331,89.0,4.87052995943538,15.308096288862833
299070,230638,11.0,1.0,2004,Other,250000.0,98101.0,DOWNTOWN,47.61598,-122.33448,67.0,7.628916379747266,17.99506875860081
54224,54224,3.0,1.0,1964,Other,47012.0,98125.0,NORTH,47.7066,-122.321,67.0,5.4490192489615294,15.79860349336159
124342,124342,4.0,1.0,1965,Retail Store,122000.0,98125.0,NORTH,47.70619,-122.32586,76.0,4.209160236650682,15.986388764338583
879000,879000,10.0,6.0,1953,Hospital,879000.0,98105.0,NORTHEAST,47.66231,-122.28146,10.0,9.005346121182038,19.352185020745686
84870,84870,5.0,1.0,1910,Self-Storage Facility,85521.0,98122.0,EAST,47.61233,-122.3171,67.0,3.9533568689211234,14.138746382082335
114297,114297,4.0,1.0,1904,Warehouse,114297.0,98108.0,GREATER DUWAMISH,47.55152,-122.31869,61.0,4.254761283628006,14.55749492539759
234144,234144,1.0,1.0,1937,Warehouse,234144.0,98134.0,GREATER DUWAMISH,47.55901,-122.33328,87.0,5.698535399469211,15.72421093057707
64984,64984,1.0,1.0,1966,Retail Store,65425.0,98126.0,DELRIDGE,47.52254,-122.36627,72.0,3.604954219176175,14.895380721804624
67745,67745,1.0,1.0,1965,Retail Store,67782.0,98126.0,DELRIDGE,47.52254,-122.36627,37.0,5.913881312449602,16.037993874873614
56000,56000,3.0,1.0,1973,Other,56000.0,98117.0,BALLARD,47.67767,-122.39631,67.0,4.099995233730915,14.431377856563758
52088,52088,2.0,1.0,1969,Self-Storage Facility,52088.0,98126.0,SOUTHWEST,47.54508,-122.37737,67.0,3.911822985425479,14.135795701931139
50000,50000,1.0,1.0,1900,Other,43000.0,98109.0,LAKE UNION,47.62759,-122.33661,67.0,5.423583445380434,15.836900227966021
207656,153315,7.0,1.0,1998,Hotel,141591.0,98109.0,MAGNOLIA / QUEEN ANNE,47.62782,-122.34045,76.0,5.826471972435803,16.22892022144235
64893,64893,4.0,1.0,1968,Hotel,64893.0,98133.0,NORTHWEST,47.70916,-122.33216,70.0,5.343577497952901,15.63970914336364
1172127,1172127,3.0,1.0,1999,Other,1172127.0,98134.0,GREATER DUWAMISH,47.59085,-122.33354,67.0,7.128936906982807,17.88899411800904
79600,79600,4.0,1.0,1916,Warehouse,79600.0,98134.0,GREATER DUWAMISH,47.57507,-122.35747,34.0,2.87976009730157,14.695719397429222
55653,55653,2.0,1.0,1928,K-12 School,55500.0,98105.0,NORTHEAST,47.66568,-122.31368,98.0,4.302442155331039,14.135873737652302
106860,106860,16.0,1.0,1931,Hotel,106860.0,98105.0,NORTHEAST,47.66151,-122.31457,49.0,6.153944725854957,16.295046142705484
56772,56772,2.0,1.0,1952,Worship Facility,56772.0,98105.0,NORTHEAST,47.66182,-122.31113,46.0,4.449334754429963,14.707297816860034
103000,103000,3.0,1.0,1952,Worship Facility,103000.0,98105.0,NORTHEAST,47.6626,-122.31164,42.0,5.016816153171337,15.3954023510764
230880,230880,15.0,1.0,1955,Other,203000.0,98101.0,DOWNTOWN,47.60699,-122.33481,67.0,6.074426067822329,17.94582017082735
76086,76086,1.0,1.0,1973,Other,77810.0,98119.0,MAGNOLIA / QUEEN ANNE,47.63965,-122.3783,67.0,4.628984364087346,14.999555617167122
122309,122309,4.0,1.0,1961,Hotel,122309.0,98121.0,DOWNTOWN,47.6124,-122.35075,8.0,6.96708965702724,17.0523713199146
254273,215473,8.0,1.0,2003,Hotel,277000.0,98121.0,DOWNTOWN,47.61069,-122.34653,29.0,6.6616501160305805,17.098646552733936
69400,69400,2.0,1.0,1980,Other,69400.0,98101.0,DOWNTOWN,47.60729,-122.34211,67.0,5.712940412440966,16.512397143814713
100734,74003,3.0,1.0,1968,Large Office,100734.0,98121.0,DOWNTOWN,47.61757,-122.35122,20.0,4.237578730308009,16.096741055983074
388934,388934,15.0,1.0,1922,Large Office,388934.0,98104.0,DOWNTOWN,47.6036,-122.33288,89.0,5.367050204229129,16.737429485188862
114395,106099,7.0,1.0,1909,Large Office,96582.0,98104.0,DOWNTOWN,47.60193,-122.32812,99.0,4.26507138131118,14.825860414672455
89200,89200,2.0,1.0,1978,Retail Store,89200.0,98105.0,NORTHEAST,47.66024,-122.31278,83.0,4.50501830403765,15.681439830767783
474546,474546,23.0,1.0,1971,Large Office,474546.0,98195.0,NORTHEAST,47.66072,-122.31466,77.0,5.29501190953931,17.16367407869984
36000,36000,5.0,1.0,1969,Other,36000.0,98185.0,NORTHEAST,47.6606,-122.31512,96.0,5.3490580082512205,17.21799015057585
99005,99005,5.0,1.0,1961,Small- and Mid-Sized Office,79555.0,98105.0,NORTHEAST,47.661,-122.31626,70.0,4.787741711537254,15.369116364857888
93660,93660,5.0,1.0,1964,Self-Storage Facility,93660.0,98101.0,DOWNTOWN,47.61591,-122.33238,67.0,1.958685340544036,13.679946100062391
60880,60880,1.0,1.0,1956,Supermarket / Grocery Store,61666.0,98117.0,NORTHWEST,47.7019,-122.36374,54.0,5.953944387194059,16.47534853785584
52311,52311,1.0,1.0,1960,Warehouse,51116.0,98133.0,NORTHWEST,47.72912,-122.34677,96.0,3.9049983904911816,13.743598653457092
305548,305548,21.0,1.0,1930,Hotel,310000.0,98101.0,DOWNTOWN,47.60968,-122.33379,58.0,7.321089345468996,17.33387855075215
135918,135918,10.0,1.0,1958,Large Office,144570.0,98101.0,DOWNTOWN,47.61003,-122.33452,91.0,5.2715626292392175,15.675482649919925
332067,272787,19.0,1.0,1973,Hotel,332067.0,98101.0,DOWNTOWN,47.60996,-122.33572,6.0,7.292677485858972,17.447437391767203
137350,137350,14.0,1.0,1929,Large Office,124508.0,98101.0,DOWNTOWN,47.60902,-122.33674,89.0,5.318070973034873,15.666495317459715
151039,151039,15.0,1.0,1929,Large Office,125473.0,98101.0,DOWNTOWN,47.60923,-122.33625,84.0,5.476840050084842,15.51050670875996
63540,63540,4.0,1.0,1906,Small- and Mid-Sized Office,56747.0,98101.0,DOWNTOWN,47.60995,-122.33904,72.0,4.328493992712844,15.07353409395085
193500,155500,12.0,1.0,1985,Other,146689.0,98121.0,DOWNTOWN,47.61252,-122.34351,67.0,4.621535540074356,16.4853037360813
206950,109550,5.0,1.0,1999,Other,206950.0,98101.0,EAST,47.61,-122.32922,67.0,5.521820853077794,16.775368317590534
46710,46710,9.0,1.0,1988,Other,46710.0,98101.0,EAST,47.61048,-122.32837,67.0,4.880450675722129,15.243290493386649
109017,79608,5.0,1.0,1979,Hotel,109017.0,98109.0,LAKE UNION,47.62036,-122.34588,34.0,5.49986949161877,16.064140501185577
123061,123061,1.0,1.0,2001,Warehouse,123061.0,98104.0,GREATER DUWAMISH,47.56064,-122.32522,59.0,2.698673039289613,14.502607283883611
106000,106000,1.0,1.0,1963,Warehouse,106001.0,98108.0,GREATER DUWAMISH,47.5471,-122.32406,93.0,1.843719208158766,13.54549222571245
119661,119661,1.0,1.0,1960,Distribution Center,118733.0,98108.0,GREATER DUWAMISH,47.53764,-122.3232,97.0,1.8625285401162623,13.561560042184286
139200,94472,7.0,1.0,2001,Large Office,82098.0,98109.0,LAKE UNION,47.62958,-122.32826,81.0,3.44265917146975,15.283983344488117
103697,56041,3.0,1.0,2001,Large Office,63199.0,98103.0,LAKE UNION,47.64776,-122.33924,7.0,5.92937635479456,16.242067231342354
55593,55593,3.0,1.0,1960,Small- and Mid-Sized Office,55593.0,98101.0,DELRIDGE,47.5671,-122.36416,55.0,4.545738602218665,15.256499877496774
158415,158415,1.0,1.0,2005,Retail Store,158415.0,98199.0,GREATER DUWAMISH,47.5653,-122.33076,25.0,6.1213737625622064,16.92432224468812
158738,158738,8.0,1.0,1975,Other,158738.0,98101.0,EAST,47.60953,-122.32793,67.0,7.146669812008544,17.938805015398806
241159,129366,4.0,1.0,2003,Laboratory,176171.0,98109.0,LAKE UNION,47.62254,-122.33753,67.0,6.746212343635318,17.333420090979732
127800,127800,5.0,1.0,1914,Warehouse,127800.0,98109.0,LAKE UNION,47.62572,-122.33389,56.0,3.4187098067467865,14.833452052865177
102235,102235,4.0,1.0,1963,Laboratory,103135.0,98109.0,LAKE UNION,47.62405,-122.34036,67.0,6.3769990197272675,17.009898138357517
191276,95995,4.0,1.0,1994,Medical Office,95995.0,98105.0,NORTHEAST,47.65884,-122.3183,21.0,4.369321262176328,15.946460233452019
98475,98475,4.0,1.0,1997,Warehouse,98475.0,98126.0,SOUTHWEST,47.56885,-122.37121,83.0,3.154443964708812,13.902144686721403
351530,201075,7.0,1.0,2000,Hospital,215602.0,98109.0,LAKE UNION,47.62667,-122.32965,23.0,6.9408321573749285,17.56993486263394
63225,63225,1.0,1.0,2008,Supermarket / Grocery Store,63225.0,98134.0,GREATER DUWAMISH,47.56895,-122.33775,100.0,3.8388069430968867,15.69077634502157
243044,243044,1.0,1.0,1999,Warehouse,325424.0,98134.0,GREATER DUWAMISH,47.56419,-122.34262,100.0,3.756538102587751,14.149181195196865
131387,131387,1.0,1.0,1997,Retail Store,107931.0,98133.0,NORTHWEST,47.72053,-122.34739,72.0,4.7136657821413905,15.987196106267435
94400,94400,3.0,1.0,1999,Warehouse,67155.0,98133.0,NORTHWEST,47.72377,-122.34095,38.0,2.419478844465545,13.572630389675155
144776,144776,1.0,1.0,1984,Supermarket / Grocery Store,144776.0,98133.0,NORTHWEST,47.72803,-122.34214,56.0,5.473907988002699,16.412560667146934
124071,95426,3.0,1.0,1988,Large Office,96504.0,98103.0,LAKE UNION,47.65086,-122.35412,73.0,3.580737295494233,15.423219276203469
90000,53472,4.0,1.0,2000,Small- and Mid-Sized Office,90000.0,98103.0,LAKE UNION,47.64963,-122.35158,84.0,3.338257581888281,15.175907199393837
50200,50200,1.0,1.0,1966,Retail Store,50200.0,98108.0,GREATER DUWAMISH,47.55032,-122.32614,67.0,3.503152104185149,13.861880653270767
63240,63240,2.0,1.0,1941,Warehouse,63240.0,98107.0,BALLARD,47.66724,-122.38553,100.0,2.21375387928743,12.335203069144178
106041,106041,4.0,1.0,1997,Warehouse,106041.0,98119.0,MAGNOLIA / QUEEN ANNE,47.65567,-122.37478,94.0,3.2801590532850993,13.932354486130556
94470,94470,3.0,1.0,1956,Self-Storage Facility,94470.0,98119.0,MAGNOLIA / QUEEN ANNE,47.63634,-122.3754,67.0,3.5316406776874447,13.816308114831225
22780,22780,1.0,1.0,1966,Warehouse,22780.0,98108.0,GREATER DUWAMISH,47.54769,-122.3251,33.0,1.33500106673234,12.90433748973192
57540,57540,1.0,1.0,1969,Distribution Center,57540.0,98108.0,GREATER DUWAMISH,47.54621,-122.33486,26.0,4.35259782398307,14.764341275002979
85400,85400,1.0,1.0,1966,Warehouse,85400.0,98108.0,GREATER DUWAMISH,47.54853,-122.32814,49.0,2.4612967841488667,14.245342534557048
55700,55700,1.0,1.0,1966,Warehouse,55700.0,98108.0,GREATER DUWAMISH,47.54912,-122.32819,63.0,1.5303947050936475,13.161213048268394
78672,50245,6.0,1.0,1987,Small- and Mid-Sized Office,78672.0,98109.0,MAGNOLIA / QUEEN ANNE,47.62476,-122.34843,98.0,3.388787361585474,14.59470733022996
64660,64660,3.0,1.0,1986,Warehouse,64660.0,98133.0,NORTHWEST,47.71286,-122.34422,89.0,1.9906103279732201,12.693160750458514
161678,161678,1.0,1.0,1968,Distribution Center,162425.0,98134.0,GREATER DUWAMISH,47.5701,-122.33342,25.0,5.326953413084369,16.05165997135313
101101,101101,1.0,1.0,1949,Distribution Center,101101.0,98134.0,GREATER DUWAMISH,47.56874,-122.33303,1.0,5.035067710236841,16.897229270938787
52613,52613,1.0,1.0,1980,Distribution Center,59504.0,98134.0,GREATER DUWAMISH,47.57023,-122.33241,80.0,3.497113438491982,13.8751551703165
58480,58480,1.0,1.0,1980,Supermarket / Grocery Store,44431.0,98155.0,NORTH,47.73315,-122.3105,37.0,5.611447863453405,16.218351399434447
264008,104014,4.0,1.0,1996,Retail Store,98863.0,98109.0,LAKE UNION,47.62,-122.33027,42.0,5.2554620562416074,16.111846968543286
80004,80004,3.0,1.0,1926,Other,74864.0,98122.0,CENTRAL,47.6144,-122.30982,67.0,4.457597821520956,16.31957624563627
302812,302812,2.0,1.0,1950,Retail Store,302812.0,98125.0,NORTH,47.70759,-122.3255,97.0,4.86976273521484,15.802127334885366
86400,86400,5.0,1.0,1974,Small- and Mid-Sized Office,78200.0,98133.0,NORTHWEST,47.70744,-122.33171,53.0,5.685448767967697,16.021587283613915
98539,98539,2.0,1.0,1969,Other,98539.0,98125.0,North,47.7094,-122.31843,67.0,3.8605191625610304,15.511207356004032
140520,140520,1.0,1.0,1968,Warehouse,140520.0,98106.0,DELRIDGE,47.53689,-122.33847,61.0,4.072950669534428,14.615498008804943
50417,50417,1.0,1.0,1980,Warehouse,50417.0,98108.0,GREATER DUWAMISH,47.52696,-122.32913,14.0,4.088829381533991,14.429290885742637
43728,43728,1.0,1.0,1900,Restaurant,43728.0,98101.0,DOWNTOWN,47.60613,-122.34115,67.0,6.417042691846703,16.258556131907284
133298,133298,3.0,1.0,1961,Medical Office,133298.0,98133.0,NORTHWEST,47.70449,-122.33272,21.0,5.691979762537049,16.56540590998367
104786,104786,2.0,1.0,1969,Warehouse,104786.0,98134.0,GREATER DUWAMISH,47.56089,-122.33474,93.0,3.213260086082565,13.843493240140107
53040,11440,1.0,1.0,2000,Other,51427.0,98134.0,GREATER DUWAMISH,47.55787,-122.335,67.0,3.929862923556477,14.386506206115296
110689,110689,1.0,1.0,1973,Other,110689.0,98134.0,GREATER DUWAMISH,47.55741,-122.33163,67.0,4.68978703170797,14.66558253122548
53620,53620,1.0,1.0,1948,Small- and Mid-Sized Office,53620.0,98134.0,GREATER DUWAMISH,47.5563,-122.33186,86.0,3.1406980438041767,14.537709737605454
50008,50008,1.0,1.0,1938,Small- and Mid-Sized Office,50008.0,98134.0,GREATER DUWAMISH,47.55623,-122.33316,62.0,4.194189897191817,14.979353003534788
76354,76354,1.0,1.0,1971,Refrigerated Warehouse,76486.0,98108.0,GREATER DUWAMISH,47.56158,-122.32754,70.0,3.058237478905388,14.860382525628097
98480,98480,1.0,1.0,1956,Warehouse,98480.0,98134.0,GREATER DUWAMISH,47.56558,-122.32889,65.0,3.7013019741124933,14.85634065004513
93020,93020,1.0,1.0,1974,Warehouse,93020.0,98108.0,GREATER DUWAMISH,47.55515,-122.3275,60.0,2.2752138961979136,14.040512281806098
78920,78920,5.0,1.0,1904,Small- and Mid-Sized Office,78564.0,98104.0,DOWNTOWN,47.59895,-122.33379,88.0,3.0315819264476884,14.856026022034522
73260,73260,6.0,1.0,1907,Small- and Mid-Sized Office,63871.0,98104.0,DOWNTOWN,47.59856,-122.33379,82.0,3.0392705755684744,14.863948399785636
160580,160580,7.0,1.0,1907,Large Office,160580.0,98104.0,DOWNTOWN,47.59858,-122.33198,98.0,4.611052849146247,15.282506294403918
125519,125519,2.0,2.0,1941,Other,142901.0,98134.0,GREATER DUWAMISH,47.58444,-122.33282,67.0,2.8124102164264526,14.623912246814582
78814,78814,1.0,1.0,1954,Warehouse,78814.0,98134.0,GREATER DUWAMISH,47.58781,-122.33264,69.0,2.8610573702273894,13.666980241761957
144050,144050,7.0,1.0,1926,Warehouse,144050.0,98134.0,GREATER DUWAMISH,47.58365,-122.33467,26.0,4.599453878991982,15.183990174638973
60592,60592,3.0,1.0,1930,Small- and Mid-Sized Office,60384.0,98104.0,GREATER DUWAMISH,47.58252,-122.33465,16.0,3.876395827784995,15.434789389325681
107930,107930,1.0,1.0,1993,Retail Store,107704.0,98134.0,GREATER DUWAMISH,47.57842,-122.33558,57.0,4.619270310366873,15.79257096067688
99084,99084,1.0,1.0,1926,Warehouse,99084.0,98134.0,GREATER DUWAMISH,47.57096,-122.3355,83.0,3.917010546939185,14.296770209213014
72719,72719,1.0,1.0,1953,Distribution Center,72719.0,98106.0,Delridge,47.56676,-122.35247,28.0,3.778263015248622,14.763975213356957
76624,76624,4.0,1.0,1930,Small- and Mid-Sized Office,76624.0,98134.0,EAST,47.59534849,-122.327269,91.0,3.538347219809389,14.835674159499462
56572,56572,1.0,1.0,1973,Retail Store,56576.0,98108.0,GREATER DUWAMISH,47.56664,-122.32346,66.0,4.223763342972998,14.694900762970045
225982,225982,2.0,1.0,2004,Medical Office,200184.0,98104.0,EAST,47.60979,-122.32298,53.0,6.541203144372571,16.838888299648577
422503,215923,10.0,1.0,1985,Medical Office,197408.0,98104.0,EAST,47.61002,-122.32222,46.0,5.252796851246227,16.663601561107395
94500,94500,7.0,1.0,1987,Medical Office,113739.0,98122.0,CENTRAL,47.60649,-122.31121,68.0,3.722797672317397,15.572148248583861
94713,94713,1.0,1.0,2005,Retail Store,109758.0,98106.0,DELRIDGE,47.53655,-122.36377,79.0,4.561636183964363,15.505163286337357
72000,72000,4.0,1.0,1925,Small- and Mid-Sized Office,72000.0,98134.0,GREATER DUWAMISH,47.59554,-122.32471,89.0,3.1978564576441255,14.819507633616022
81336,81336,2.0,3.0,1994,Other,81385.0,98109.0,MAGNOLIA / QUEEN ANNE,47.62476,-122.35521,67.0,5.602745930478429,16.386999867855952
98668,98668,5.0,1.0,1982,Small- and Mid-Sized Office,98668.0,98119.0,MAGNOLIA / QUEEN ANNE,47.62497,-122.35965,91.0,3.4534735262275262,15.29514702714152
50660,50660,1.0,1.0,1978,Retail Store,50660.0,98121.0,MAGNOLIA / QUEEN ANNE,47.63284,-122.37712,51.0,4.122283930911342,14.794396298578706
61929,61929,2.0,1.0,1937,Small- and Mid-Sized Office,39879.0,98119.0,MAGNOLIA / QUEEN ANNE,47.63156,-122.37551,59.0,4.038303171338476,14.605343108684327
154330,154330,5.0,1.0,1912,Warehouse,95330.0,98101.0,DOWNTOWN,47.60703,-122.34038,81.0,2.2823823856765264,14.048395507415643
86204,86204,6.0,1.0,1910,Retail Store,67670.0,98104.0,DOWNTOWN,47.60223,-122.33602,89.0,4.2487809155265195,14.99167568792889
98220,98220,3.0,1.0,1951,Warehouse,129420.0,98121.0,GREATER DUWAMISH,47.58042,-122.32552,12.0,4.334541868102138,15.682391568844233
61200,61200,2.0,1.0,1931,Warehouse,61200.0,98134.0,GREATER DUWAMISH,47.58241,-122.32866,16.0,5.1908435082428035,15.407221064340323
111908,111908,1.0,1.0,1987,Distribution Center,109090.0,98134.0,GREATER DUWAMISH,47.58772,-122.32686,87.0,3.559340082758951,14.257256967230148
92092,71037,4.0,1.0,2001,Small- and Mid-Sized Office,70074.0,98107.0,BALLARD,47.6633,-122.37549,5.0,3.5432754802551445,15.387674964206509
77174,51374,2.0,1.0,2000,Small- and Mid-Sized Office,77174.0,98103.0,LAKE UNION,47.64932,-122.35187,33.0,3.6689318163042404,15.516898465645935
115748,97366,4.0,1.0,1999,Laboratory,97365.0,98102.0,LAKE UNION,47.63079,-122.32693,67.0,7.052539371830329,17.4110785310441
274362,274362,7.0,1.0,1953,Large Office,274362.0,98101.0,DOWNTOWN,47.61628,-122.33391,82.0,5.002737521969115,16.621325560185117
78920,78920,4.0,1.0,1929,Retail Store,78920.0,98101.0,DOWNTOWN,47.61203,-122.33486,80.0,4.70817793606232,15.932207842642024
83118,83118,3.0,1.0,1940,Retail Store,45000.0,98101.0,DOWNTOWN,47.60956,-122.33715,59.0,3.361069590571376,14.70879567846098
77555,77555,3.0,1.0,1924,Retail Store,73563.0,98101.0,DOWNTOWN,47.60925,-122.33734,39.0,4.014579593753238,15.869917136270896
52298,52298,3.0,1.0,1921,Small- and Mid-Sized Office,50250.0,98104.0,DOWNTOWN,47.60366,-122.33328,89.0,2.6892071133007303,14.49286169787955
224857,224857,9.0,1.0,1971,Large Office,204993.0,98104.0,DOWNTOWN,47.6029,-122.32927,79.0,5.970419648512232,16.541563859688605
58492,58492,2.0,1.0,1939,Other,58500.0,98104.0,GREATER DUWAMISH,47.59273,-122.33455,67.0,3.961955374176355,14.282022786858906
141686,141686,1.0,1.0,1970,Other,152511.0,98108.0,GREATER DUWAMISH,47.56301,-122.32564,67.0,3.8611506750543896,15.713600921880097
115620,115620,1.0,1.0,1966,Warehouse,56900.0,98108.0,GREATER DUWAMISH,47.54923,-122.32446,11.0,2.681706225762608,14.484291913158087
71718,71718,1.0,1.0,1969,Distribution Center,71718.0,98108.0,GREATER DUWAMISH,47.54326,-122.33134,100.0,0.7227059828014898,11.930024613749138
54880,54880,1.0,1.0,1979,Distribution Center,55000.0,98108.0,GREATER DUWAMISH,47.52549,-122.33064,32.0,4.505681287487349,14.832044011902783
50785,50785,1.0,1.0,1963,Supermarket / Grocery Store,27382.0,98144.0,GREATER DUWAMISH,47.57903,-122.29982,57.0,5.280306133746185,15.822248333439278
85126,85126,3.0,1.0,1929,Small- and Mid-Sized Office,81526.0,98106.0,Delridge,47.54103,-122.33766,1.0,5.1187719527008335,17.451825093730037
95760,79920,6.0,1.0,1900,Small- and Mid-Sized Office,95760.0,98104.0,DOWNTOWN,47.5992,-122.33223,83.0,4.323470185213858,15.500541631969233
179413,179413,1.0,1.0,1946,Warehouse,178087.0,98134.0,GREATER DUWAMISH,47.56733,-122.3352,57.0,3.223664341599998,15.056647346441077
275130,162150,5.0,1.0,2003,Medical Office,177748.0,98122.0,EAST,47.6056366,-122.3214798,70.0,4.252771798816619,16.112209260103217
62600,62600,4.0,3.0,1928,Other,215197.0,98121.0,MAGNOLIA / QUEEN ANNE,47.61915,-122.35871,67.0,6.008911460711703,16.226711731509283
90266,90266,5.0,1.0,1987,Other,87552.0,98115.0,NORTH,47.6993,-122.32378,18.0,4.01060056878914,15.866029661754814
87332,80874,4.0,1.0,2004,Warehouse,87332.0,98107.0,Ballard,47.6582,-122.36434,87.0,2.740194654428777,13.96874642662222
132828,132828,4.0,1.0,1988,Warehouse,132828.0,98122.0,EAST,47.61818,-122.31728,83.0,2.1471001901536506,13.895919929177749
101830,101830,1.0,1.0,1995,Retail Store,130767.0,98133.0,NORTHWEST,47.71417,-122.34256,60.0,5.6907647775748975,16.186969168656223
114000,114000,4.0,2.0,1974,University,114000.0,98144.0,CENTRAL,47.5997,-122.30364,67.0,4.706914169871375,15.840374602371844
74178,74178,1.0,1.0,1958,Retail Store,74178.0,98108.0,GREATER DUWAMISH,47.54862,-122.32272,67.0,4.911330479685645,15.502313503992633
80360,80360,4.0,1.0,1987,Warehouse,80360.0,98125.0,NORTH,47.70799,-122.30185,96.0,2.848970892158587,13.438662334117597
119190,119190,3.0,1.0,1996,Supermarket / Grocery Store,46280.0,98122.0,EAST,47.61318,-122.32122,71.0,5.5909869805108565,16.12581904858978
113944,65434,3.0,1.0,1960,Large Office,65434.0,98105.0,NORTHEAST,47.66181,-122.31231,1.0,4.865455367582921,16.699203674412267
93079,56986,3.0,1.0,2000,Low-Rise Multifamily,91064.0,98103.0,LAKE UNION,47.64859,-122.33311,32.0,3.2809112157876537,14.507247995303029
22220,22220,2.0,1.0,1957,Worship Facility,22220.0,98115.0,NORTHEAST,47.67738,-122.28996,90.0,3.4885975719429885,13.564940325914932
44100,44100,1.0,1.0,1976,Warehouse,40000.0,98108.0,GREATER DUWAMISH,47.54137,-122.33051,1.0,2.5087859235779435,14.297268196768211
27800,27800,1.0,1.0,1965,Distribution Center,27800.0,98108.0,GREATER DUWAMISH,47.54113,-122.32633,13.0,3.234355395716587,14.017787712379995
46340,46340,1.0,1.0,2001,Warehouse,46340.0,98134.0,GREATER DUWAMISH,47.55436,-122.33631,3.0,2.9375733593804587,14.757081047098799
38460,38460,3.0,1.0,1910,Small- and Mid-Sized Office,38460.0,98122.0,CENTRAL,47.60191,-122.31438,69.0,3.6114583071453517,14.483706145526318
21022,21022,2.0,1.0,1922,Worship Facility,21022.0,98103.0,NORTHWEST,47.68576,-122.35481,54.0,3.8031005982039594,13.759201151262806
48001,48001,1.0,1.0,1967,Distribution Center,48001.0,98118.0,GREATER DUWAMISH,47.51127,-122.281,49.0,4.471181545984774,14.57802135794233
30375,30375,1.0,1.0,1981,Warehouse,30375.0,98118.0,GREATER DUWAMISH,47.51127,-122.281,73.0,1.2267122912954254,12.75381157483465
33589,33589,2.0,1.0,1914,Worship Facility,33589.0,98117.0,BALLARD,47.68164,-122.3753,90.0,3.132446096869813,13.141846713536431
43500,43500,3.0,1.0,1979,Small- and Mid-Sized Office,43495.0,98107.0,BALLARD,47.66587,-122.38476,46.0,3.1633631149379418,14.985089491169335
28492,28492,2.0,1.0,1978,Small- and Mid-Sized Office,28492.0,98107.0,BALLARD,47.67528,-122.40836,12.0,3.6579046498145056,14.455415111210657
44588,22588,2.0,1.0,1946,Laboratory,69000.0,98101.0,DOWNTOWN,47.61597,-122.33086,67.0,3.942552210462969,15.796731313130687
147545,147545,2.0,1.0,1917,Retail Store,147545.0,98144.0,DOWNTOWN,47.59692,-122.31543,69.0,5.140200498450899,15.730530036806956
28072,28072,2.0,1.0,1917,Other,23835.0,98013.0,NORTHWEST,47.67713,-122.35398,67.0,4.166355098198372,14.124849420043299
31020,31020,2.0,1.0,1955,Restaurant,31020.0,98121.0,DOWNTOWN,47.61468,-122.34925,67.0,5.340418542566672,15.41894005597386
64630,64630,3.0,1.0,1942,Small- and Mid-Sized Office,64630.0,98121.0,DOWNTOWN,47.61683,-122.35176,96.0,2.3813962734183356,14.15788844684215
20920,20920,2.0,1.0,1948,Worship Facility,20920.0,98121.0,DOWNTOWN,47.61636,-122.35094,15.0,3.7656089869726097,13.856757582146624
22128,22128,2.0,1.0,1926,Worship Facility,22128.0,98116.0,SOUTHWEST,47.57384,-122.41182,94.0,3.267284964075888,13.318523221073114
48139,48139,1.0,1.0,1968,Retail Store,40000.0,98133.0,NORTHWEST,47.72736,-122.34579,98.0,3.219675505038765,13.66380079251352
28923,28923,2.0,1.0,1992,University,28800.0,98121.0,DOWNTOWN,47.61741,-122.33491,67.0,2.7893229212309465,12.99296720877201
21600,21600,3.0,1.0,1928,University,21600.0,98121.0,DOWNTOWN,47.61789,-122.33573,67.0,1.9919755158985601,12.687697258506624
25735,25735,1.0,1.0,1996,Retail Store,25691.0,98105.0,NORTHEAST,47.6646,-122.29932,82.0,2.9496883350525844,13.971997827267511
20028,20028,2.0,1.0,1929,Small- and Mid-Sized Office,20028.0,98104.0,DOWNTOWN,47.6026,-122.33232,95.0,2.7226103524335397,13.145686088791292
26840,26840,5.0,1.0,1906,Small- and Mid-Sized Office,29040.0,98104.0,DOWNTOWN,47.60427,-122.33385,24.0,2.6993457604720636,14.503287343734216
26270,26270,2.0,1.0,1931,Retail Store,26270.0,98121.0,DOWNTOWN,47.61652,-122.34854,32.0,3.549042508926137,14.260492969853756
57800,57800,5.0,1.0,1990,Hotel,57800.0,98121.0,DOWNTOWN,47.61471,-122.34525,87.0,4.209011637200227,14.708764468169358
31890,31890,2.0,1.0,1955,Other,31160.0,98101.0,DOWNTOWN,47.61319,-122.33695,2.0,2.6354795082673745,14.435132625321366
22381,22381,3.0,1.0,1923,Restaurant,22381.0,98101.0,DOWNTOWN,47.61332,-122.33904,67.0,4.850310035174197,15.077648727317936
26670,26670,4.0,1.0,1952,Medical Office,26670.0,98121.0,DOWNTOWN,47.6146,-122.34217,51.0,2.4706386779902956,14.255833912747264
37740,37740,2.0,1.0,1922,Other,38939.0,98121.0,DOWNTOWN,47.61607,-122.34449,67.0,4.466137977292534,14.945583722279993
44416,44416,4.0,1.0,1967,Hotel,52668.0,98121.0,DOWNTOWN,47.61822,-122.34132,61.0,4.3010876921685295,14.797426189403204
45991,45991,2.0,1.0,1928,Worship Facility,45991.0,98103.0,Northwest,47.66476,-122.35248,77.0,3.6224725219163374,13.951383862421304
21499,21499,3.0,1.0,1921,Residence Hall,21499.0,98105.0,NORTHEAST,47.66282,-122.305,85.0,1.6524974018945473,13.313201378616583
20384,20384,2.0,1.0,1989,Small- and Mid-Sized Office,25021.0,98105.0,NORTHEAST,47.66461,-122.30142,16.0,2.702032128776647,14.39832509061163
24100,24100,2.0,2.0,1961,Hotel,30910.0,98105.0,NORTHEAST,47.66355,-122.30123,91.0,3.8622023104441903,14.277643135344748
61180,48220,7.0,1.0,1960,Hotel,61180.0,98121.0,DOWNTOWN,47.61798,-122.33974,24.0,4.846546505563361,15.200282323022863
23931,23931,2.0,1.0,1910,Worship Facility,23931.0,98115.0,Northwest,47.67572,-122.3285,88.0,2.9785861147190205,13.115295080747975
21393,21393,2.0,1.0,1948,Worship Facility,21393.0,98103.0,Northwest,47.67491,-122.33316,57.0,3.5157158351047473,13.64823016360409
20960,20960,3.0,1.0,1930,Residence Hall,20960.0,98105.0,NORTHEAST,47.66159,-122.30441,67.0,4.182202802743785,14.221182811283054
28800,28800,3.0,1.0,1910,University,28800.0,98121.0,DOWNTOWN,47.61679,-122.33619,67.0,2.2460147415056513,13.482911137300757
21600,21600,2.0,1.0,1957,K-12 School,21600.0,98121.0,DOWNTOWN,47.61718,-122.33654,72.0,3.6856241613932634,14.04784197130834
22860,22860,3.0,1.0,1995,K-12 School,22860.0,98101.0,DOWNTOWN,47.61687,-122.33533,43.0,2.0135687975291283,13.744175257631762
21732,21732,2.0,1.0,1965,Worship Facility,21732.0,98118.0,SOUTHEAST,47.54362,-122.2667,2.0,3.202339856228101,13.66511221472498
32960,32960,3.0,1.0,1900,Retail Store,32960.0,98105.0,NORTHEAST,47.66033,-122.31348,71.0,1.8976198599275322,13.609275744802975
20571,20571,3.0,1.0,1930,Hotel,20571.0,98105.0,NORTHEAST,47.66023,-122.31581,72.0,1.7900914121273581,13.481827390770418
31386,31386,2.0,1.0,2000,Worship Facility,30000.0,98115.0,NORTHEAST,47.68752,-122.29852,52.0,3.337192051686243,13.936116383575492
84116,57619,2.0,1.0,2012,Small- and Mid-Sized Office,55000.0,98103.0,LAKE UNION,47.64834,-122.33188,68.0,3.0483247236731614,14.78692667736905
36240,36240,11.0,1.0,1926,Hotel,36240.0,98101.0,DOWNTOWN,47.60721,-122.33451,98.0,4.803283067577055,14.580033418865964
39320,32360,3.0,1.0,1922,Other,39320.0,98101.0,DOWNTOWN,47.60781,-122.33186,67.0,4.986888900366255,14.928313843106453
41536,41536,5.0,1.0,1908,Other,41536.0,98104.0,DOWNTOWN,47.60547,-122.33118,67.0,2.9992261628082466,14.82170305230318
35820,35820,6.0,1.0,1909,Hotel,35820.0,98104.0,DOWNTOWN,47.60223,-122.32889,94.0,4.879615031657852,15.015958356751847
33462,33462,2.0,1.0,1922,K-12 School,57896.0,98116.0,SOUTHWEST,47.56542,-122.38502,76.0,5.226982468943414,15.19860392636903
49744,49744,3.0,1.0,1965,K-12 School,49744.0,98116.0,SOUTHWEST,47.56504,-122.38455,98.0,4.503026712319388,14.555940338317887
25762,25762,2.0,1.0,1946,Supermarket / Grocery Store,25762.0,98126.0,SOUTHWEST,47.56197,-122.38109,100.0,2.659559991941776,14.46071979548618
43387,43387,3.0,1.0,1981,Small- and Mid-Sized Office,45000.0,98126.0,SOUTHWEST,47.56175,-122.37835,60.0,3.5596246182566738,14.803848797835942
37500,37500,1.0,1.0,1985,Warehouse,61419.0,98108.0,GREATER DUWAMISH,47.552,-122.32262,36.0,2.6504210882655737,14.409669860520685
39000,39000,2.0,1.0,1990,Medical Office,39000.0,98122.0,CENTRAL,47.60132,-122.30477,25.0,3.5530597309714014,14.776869775240115
25480,25480,1.0,1.0,1953,Refrigerated Warehouse,25480.0,98144.0,GREATER DUWAMISH,47.58528,-122.30595,67.0,1.8196988379172965,13.516144745673657
31000,31000,2.0,1.0,1970,Warehouse,31000.0,98144.0,GREATER DUWAMISH,47.58482,-122.30501,67.0,3.0411835364579085,14.64887381689445
39170,39170,2.0,1.0,1970,Small- and Mid-Sized Office,35500.0,98144.0,SOUTHEAST,47.5859,-122.29957,81.0,4.159820144181012,14.571949271557697
36070,36070,1.0,1.0,1977,Other,66597.0,98134.0,SOUTHEAST,47.58476,-122.29765,67.0,2.402430427963762,14.181310207367847
20047,20047,2.0,1.0,1963,Other,20047.0,98144.0,SOUTHEAST,47.56979,-122.29234,67.0,0.598836501088704,11.673677721219418
20000,20000,1.0,1.0,1914,Retail Store,20000.0,98134.0,GREATER DUWAMISH,47.57403,-122.3336,75.0,1.5871923034867808,13.231871716436942
32400,32400,2.0,1.0,1955,Warehouse,32700.0,98134.0,GREATER DUWAMISH,47.5741,-122.32541,91.0,1.0043016091968684,12.42366883866523
26680,26680,1.0,1.0,1955,Distribution Center,33987.0,98134.0,GREATER DUWAMISH,47.56489,-122.3409,92.0,0.9932517730102833,12.402951081228947
31521,31521,1.0,1.0,1953,Warehouse,31521.0,98106.0,DELRIDGE,47.56447,-122.35335,6.0,4.138520924554929,14.396691564576901
21900,21900,1.0,1.0,1952,Self-Storage Facility,21900.0,98134.0,GREATER DUWAMISH,47.56487,-122.34181,67.0,4.199455046624718,14.103421572956712
35579,35579,1.0,1.0,1998,Distribution Center,35579.0,98134.0,GREATER DUWAMISH,47.5678,-122.33622,72.0,3.6901286735143684,13.907768128749533
49950,49950,1.0,1.0,1975,Distribution Center,49950.0,98134.0,GREATER DUWAMISH,47.57382,-122.32672,77.0,0.9820784724121582,12.384096242228415
22612,22612,2.0,1.0,1947,Worship Facility,22612.0,98199.0,MAGNOLIA / QUEEN ANNE,47.63927,-122.4032,87.0,3.484312288372662,13.50261024522075
50368,50368,2.0,2.0,1988,Self-Storage Facility,50369.0,98125.0,NORTH,47.72356,-122.29378,67.0,3.3870984572826535,13.532187222402163
32691,32691,3.0,1.0,1922,K-12 School,33550.0,98112.0,MAGNOLIA / QUEEN ANNE,47.63111,-122.35814,99.0,3.42816382989197,13.787102145645433
24227,24227,2.0,1.0,1963,Worship Facility,26210.0,98119.0,MAGNOLIA / QUEEN ANNE,47.63159,-122.35839,55.0,3.883417748417812,13.898636929332987
27000,27000,1.0,1.0,1956,Distribution Center,27000.0,98108.0,GREATER DUWAMISH,47.54365,-122.30785,61.0,2.9882040071331994,13.386716911961434
21118,21118,3.0,1.0,1988,Residence Hall,21118.0,98103.0,LAKE UNION,47.65014,-122.34424,49.0,3.7013019741124933,14.124045257739805
20500,20500,2.0,1.0,1900,Small- and Mid-Sized Office,20500.0,98103.0,LAKE UNION,47.64866,-122.34509,48.0,2.50715725872282,14.097812527331554
25521,25521,2.0,1.0,1930,Worship Facility,25521.0,98115.0,NORTHEAST,47.67485,-122.29284,82.0,2.8015405441895487,13.313293296532503
23190,23190,1.0,1.0,1986,K-12 School,23190.0,98115.0,NORTHEAST,47.67485,-122.29284,79.0,4.236133434493478,14.3493784087931
20678,20678,1.0,1.0,1960,Small- and Mid-Sized Office,23100.0,98103.0,NORTHWEST,47.68602,-122.35674,98.0,3.515418525752178,13.554579466014257
28820,28820,3.0,1.0,1922,K-12 School,33780.0,98103.0,NORTHWEST,47.68642,-122.35707,43.0,4.67702562308852,14.769399341033747
27876,27876,2.0,1.0,1954,Worship Facility,44816.0,98178.0,SOUTHEAST,47.51042,-122.26277,69.0,4.248066578757805,14.419816893623683
22320,22320,1.0,1.0,1977,Warehouse,22320.0,98108.0,GREATER DUWAMISH,47.55374,-122.32498,62.0,1.4011829736136414,12.992407086595012
47105,47105,1.0,1.0,1976,Other,45320.0,98108.0,GREATER DUWAMISH,47.55297,-122.32472,67.0,5.855702096093982,16.141296615008592
28304,28304,2.0,1.0,1970,Small- and Mid-Sized Office,27185.0,98108.0,GREATER DUWAMISH,47.55196,-122.32518,67.0,2.2874714551839976,14.054030090673445
25872,25872,2.0,1.0,1969,Small- and Mid-Sized Office,24988.0,98108.0,GREATER DUWAMISH,47.55127,-122.32576,41.0,4.418358563921272,14.690710300809062
20500,20500,1.0,1.0,1969,Warehouse,21386.0,98108.0,GREATER DUWAMISH,47.55127,-122.32576,65.0,0.9360933591703349,12.31313663155814
21436,21436,2.0,1.0,1958,Small- and Mid-Sized Office,21436.0,98103.0,LAKE UNION,47.6557,-122.34682,95.0,1.5539252025038417,13.18946988749649
46580,46580,6.0,1.0,1928,Self-Storage Facility,46580.0,98101.0,DOWNTOWN,47.61179,-122.3404,67.0,1.7833912195575383,13.47340943383864
25920,25920,2.0,1.0,1916,Retail Store,25920.0,98101.0,DOWNTOWN,47.61165,-122.34011,5.0,1.4678743481123135,13.078810770235727
61721,61721,8.0,1.0,1910,Hotel,41227.0,98121.0,DOWNTOWN,47.61203,-122.34165,93.0,3.6354786773868213,14.879214150025433
25920,25920,2.0,1.0,1919,Small- and Mid-Sized Office,23995.0,98121.0,DOWNTOWN,47.61297,-122.34324,75.0,3.860308569741467,14.399876030032189
39760,39760,4.0,1.0,1925,Small- and Mid-Sized Office,39760.0,98101.0,EAST,47.61098,-122.32766,92.0,5.016683632630459,14.723350078743515
30971,30971,3.0,1.0,1920,Other,30971.0,98101.0,EAST,47.61109,-122.32721,67.0,4.562784469491653,14.853376238209218
22667,22667,3.0,1.0,1946,Small- and Mid-Sized Office,22667.0,98101.0,EAST,47.61063,-122.32741,1.0,5.007630785075957,15.141825589022215
26532,26532,1.0,1.0,1984,Distribution Center,26532.0,98103.0,LAKE UNION,47.65214,-122.356,5.0,4.212571943586751,14.475217416672605
30730,30730,1.0,1.0,1969,Other,30730.0,98103.0,LAKE UNION,47.65138,-122.35565,67.0,4.311067545733388,14.930801727560036
23600,23600,2.0,1.0,1981,Small- and Mid-Sized Office,23600.0,98109.0,MAGNOLIA / QUEEN ANNE,47.64805,-122.35534,82.0,1.8578592709325787,13.562229509653255
40067,40067,3.0,1.0,1986,Small- and Mid-Sized Office,40067.0,98109.0,MAGNOLIA / QUEEN ANNE,47.64976,-122.35684,43.0,2.836736542063533,14.650041734224526
26419,19497,3.0,1.0,1989,Small- and Mid-Sized Office,26419.0,98109.0,MAGNOLIA / QUEEN ANNE,47.64976,-122.35684,67.0,2.138889000323256,13.887821917175051
25262,25262,3.0,1.0,1979,Small- and Mid-Sized Office,25262.0,98109.0,MAGNOLIA / QUEEN ANNE,47.64976,-122.35684,54.0,3.2128577525426376,14.200471722911768
34106,34106,3.0,1.0,1980,Small- and Mid-Sized Office,32739.0,98109.0,MAGNOLIA / QUEEN ANNE,47.64901,-122.35516,57.0,2.5087859235779435,14.297429248226122
34545,34545,3.0,1.0,1980,Small- and Mid-Sized Office,34545.0,98109.0,MAGNOLIA / QUEEN ANNE,47.64934,-122.35592,29.0,2.8408313123360287,14.654479435617088
70296,70296,3.0,1.0,1980,Small- and Mid-Sized Office,70296.0,98109.0,MAGNOLIA / QUEEN ANNE,47.64865,-122.35435,86.0,3.015044584586364,14.838704914291238
27838,27838,4.0,1.0,1902,Small- and Mid-Sized Office,27838.0,98104.0,DOWNTOWN,47.59979,-122.33339,77.0,2.2502386126218363,14.012318450126068
92080,92080,2.0,1.0,1964,Other,92129.0,98133.0,NORTHWEST,47.72471,-122.3412,67.0,4.852811208902689,15.45549542503319
20236,20236,1.0,1.0,1961,Other,20236.0,98133.0,NORTHWEST,47.72288,-122.34065,67.0,3.923556241241819,14.49109605593479
25557,25557,4.0,1.0,1970,Other,25557.0,98133.0,NORTHWEST,47.72299,-122.34293,67.0,2.8273136219290276,14.639841032772216
48112,48112,1.0,1.0,1972,Warehouse,48112.0,98133.0,NORTHWEST,47.72183,-122.34328,73.0,2.4300984132930052,14.211562753284309
45000,45000,2.0,1.0,2007,Other,45000.0,98133.0,NORTHWEST,47.72644,-122.34338,67.0,5.18060307852848,15.592506074428231
26115,26115,1.0,1.0,1998,Retail Store,26115.0,98133.0,NORTHWEST,47.72337,-122.34373,43.0,3.630720539940404,14.339868382102049
46539,46539,2.0,1.0,1970,Senior Care Community,46539.0,98109.0,MAGNOLIA / QUEEN ANNE,47.6441,-122.34795,73.0,5.200594278019421,15.501918863342626
29796,29796,4.0,1.0,1909,Residence Hall,29796.0,98121.0,DOWNTOWN,47.61283,-122.34392,47.0,4.389250479763201,14.61897430265987
34680,34680,4.0,1.0,1900,Retail Store,34680.0,98101.0,DOWNTOWN,47.60683,-122.33771,92.0,3.3098128198603027,13.972471463975857
75058,40548,3.0,1.0,1968,Worship Facility,75058.0,98101.0,DOWNTOWN,47.60867,-122.33265,24.0,5.517332407278467,15.536015313954518
36504,36504,1.0,1.0,1915,Retail Store,16200.0,98101.0,DOWNTOWN,47.61103,-122.33549,2.0,3.080073421987742,14.557916245385043
35200,35200,6.0,1.0,1907,Small- and Mid-Sized Office,35200.0,98101.0,DOWNTOWN,47.61091,-122.33667,8.0,3.086486636822455,14.913525751740035
35840,35840,5.0,1.0,1907,Small- and Mid-Sized Office,35840.0,98101.0,DOWNTOWN,47.60961,-122.33566,83.0,3.8989377658794906,14.246482012532233
25920,25920,2.0,1.0,1941,Other,23230.0,98101.0,DOWNTOWN,47.60985,-122.33527,60.0,2.33214389523559,14.1032674713654
49243,49243,4.0,1.0,1964,Other,52284.0,98101.0,EAST,47.61186,-122.32857,67.0,4.628300603376946,15.9527709064877
20411,20411,3.0,1.0,1912,Other,20411.0,98104.0,EAST,47.6097,-122.325,67.0,4.2798554720627555,14.515870104272397
30855,20570,2.0,1.0,1962,Medical Office,21571.0,98122.0,EAST,47.61065,-122.32125,2.0,4.4607222816222185,14.89621588642345
39115,39115,3.0,1.0,1963,Medical Office,50000.0,98114.0,EAST,47.60865416,-122.3205904,42.0,4.111529386976201,15.13334123790846
36444,36444,1.0,1.0,1960,Warehouse,36444.0,98107.0,BALLARD,47.66388,-122.36831,80.0,0.7514160886839212,11.991096238364037
27553,27553,1.0,1.0,1950,Warehouse,27553.0,98107.0,BALLARD,47.65907,-122.36783,63.0,3.484618989801228,13.781620859666617
57310,57310,1.0,3.0,1951,Distribution Center,57310.0,98107.0,BALLARD,47.6583,-122.36638,67.0,3.579901291544191,14.041646826629261
40686,40686,3.0,1.0,1919,Restaurant,40686.0,98109.0,LAKE UNION,47.62354,-122.33808,67.0,4.30406509320417,14.560336346169082
45271,45271,2.0,1.0,1964,Retail Store,45271.0,98109.0,LAKE UNION,47.62399,-122.33804,57.0,4.427477897577799,14.75307910302247
28380,16200,3.0,1.0,1920,Small- and Mid-Sized Office,28380.0,98109.0,LAKE UNION,47.62437,-122.33802,62.0,3.6046822953131805,14.131936325062208
26176,26176,3.0,1.0,1926,Small- and Mid-Sized Office,23730.0,98109.0,LAKE UNION,47.62353,-122.33622,95.0,3.499231121933521,13.781859018136474
26000,26000,1.0,1.0,1961,Other,49847.0,98109.0,MAGNOLIA / QUEEN ANNE,47.62208,-122.35398,67.0,5.220842193268625,15.478959932219384
23241,23241,3.0,1.0,2009,Worship Facility,23241.0,98109.0,MAGNOLIA / QUEEN ANNE,47.61876,-122.3534,66.0,3.074543453978281,13.513339356547904
155795,155795,1.0,1.0,1962,Other,155795.0,98109.0,MAGNOLIA / QUEEN ANNE,47.61974,-122.3511,67.0,5.548414387422504,16.687549684257647
21018,21018,1.0,1.0,2002,Other,21018.0,98109.0,MAGNOLIA / QUEEN ANNE,47.62208,-122.35398,67.0,3.2433732964685884,14.381471032880885
30533,30533,1.0,1.0,1998,Other,28631.0,98109.0,MAGNOLIA / QUEEN ANNE,47.62208,-122.35398,67.0,5.263311757349221,15.590973964705347
33971,33971,2.0,1.0,1961,Other,50000.0,98109.0,MAGNOLIA / QUEEN ANNE,47.62049,-122.3493,67.0,6.263303019960951,16.68830908494569
40600,40600,2.0,1.0,1992,Other,33000.0,98109.0,MAGNOLIA / QUEEN ANNE,47.62082,-122.35251,67.0,3.7390971702745537,14.725993255815451
49680,49680,1.0,1.0,1966,Other,49680.0,98109.0,DOWNTOWN,47.60192,-122.33282,67.0,4.790321069792205,14.860963250382913
36314,36314,1.0,1.0,1962,Other,36314.0,98109.0,DOWNTOWN,47.60219,-122.3313,67.0,3.813969064952758,14.42136072983665
36160,36160,4.0,1.0,1910,Small- and Mid-Sized Office,36160.0,98101.0,DOWNTOWN,47.61041,-122.34214,47.0,2.637627736805664,14.437257261257619
66900,66900,5.0,1.0,1909,Small- and Mid-Sized Office,68048.0,98121.0,DOWNTOWN,47.6123,-122.34611,100.0,2.7166795278002644,14.306651248507865
22710,22710,2.0,1.0,1930,Other,22710.0,98121.0,DOWNTOWN,47.61341,-122.34597,67.0,1.1019400787607843,12.569897716278925
45960,45960,2.0,1.0,1930,K-12 School,45960.0,98102.0,EAST,47.63239,-122.32072,56.0,5.213902615405673,15.242768043645107
21128,21128,2.0,1.0,1959,Small- and Mid-Sized Office,21128.0,98109.0,LAKE UNION,47.61992,-122.34539,97.0,1.3962446919730587,12.98678439000198
38520,38520,4.0,1.0,1959,Hotel,38500.0,98109.0,LAKE UNION,47.62014,-122.34456,37.0,4.334017415487521,14.846748307795604
29186,24930,3.0,1.0,1961,Hotel,19000.0,98109.0,LAKE UNION,47.62174,-122.34417,95.0,3.441058915087286,13.673008044903538
27338,27338,1.0,1.0,1960,Worship Facility,27338.0,98109.0,LAKE UNION,47.6201,-122.34071,56.0,1.6193882432872684,13.27300505072021
45864,45864,3.0,1.0,1930,Small- and Mid-Sized Office,45864.0,98119.0,MAGNOLIA / QUEEN ANNE,47.61954,-122.35847,94.0,4.7572902340489245,14.767408945291024
49252,49252,2.0,1.0,1999,K-12 School,61099.0,98125.0,NORTHWEST,47.72726,-122.32835,23.0,4.6625896768555775,15.064227208287484
21948,21948,99.0,1.0,1977,Worship Facility,21948.0,98108.0,GREATER DUWAMISH,47.55072,-122.30265,80.0,1.184789984909162,12.694659370449031
22688,22688,2.0,1.0,1922,Worship Facility,22688.0,98122.0,EAST,47.60321889,-122.3205567,87.0,2.0881534822818573,12.711913867780195
41262,41262,2.0,1.0,1982,Small- and Mid-Sized Office,40738.0,98118.0,GREATER DUWAMISH,47.54693,-122.28718,84.0,2.658159431488745,14.45918219891369
45680,45680,3.0,1.0,1908,Worship Facility,45680.0,98115.0,NORTH,47.68566,-122.31849,79.0,4.475175389371905,14.546454541764161
724148,724148,14.0,1.0,2006,Senior Care Community,726000.0,98109.0,LAKE UNION,47.61935,-122.33389,8.0,6.81790715495482,17.447742541214076
45594,45594,2.0,1.0,1914,Refrigerated Warehouse,45594.0,98108.0,GREATER DUWAMISH,47.56067,-122.32705,75.0,2.343727036325221,14.116554616385637
26660,26660,1.0,1.0,1950,Other,26660.0,98108.0,GREATER DUWAMISH,47.55013,-122.33044,67.0,2.810606789427302,14.622558358459713
35000,35000,1.0,1.0,1964,Warehouse,35000.0,98108.0,GREATER DUWAMISH,47.54813,-122.32553,53.0,1.2919836816486494,12.844540295132633
26150,26150,1.0,1.0,1962,Warehouse,26150.0,98108.0,GREATER DUWAMISH,47.54948,-122.32536,6.0,3.3160025355989236,14.004814866006422
24000,24000,2.0,1.0,1967,Small- and Mid-Sized Office,24000.0,98108.0,GREATER DUWAMISH,47.54974,-122.3261,73.0,2.150598735996164,13.900363753588307
43594,43594,5.0,1.0,1968,K-12 School,40809.0,98102.0,EAST,47.64132,-122.31644,38.0,4.307572448748934,14.722981106128334
51298,51298,2.0,1.0,1954,Senior Care Community,51298.0,98133.0,NORTHWEST,47.72618,-122.35642,85.0,5.321692037864487,15.548153049559044
31600,31600,1.0,1.0,1979,Warehouse,31600.0,98108.0,GREATER DUWAMISH,47.5213,-122.32182,3.0,4.647079589065301,15.028503508180206
35289,35289,1.0,1.0,2007,Warehouse,35289.0,98108.0,GREATER DUWAMISH,47.52024,-122.32137,63.0,3.214867803470662,13.6836075530822
28920,28920,1.0,1.0,1981,Warehouse,30000.0,98108.0,GREATER DUWAMISH,47.51899,-122.321,50.0,4.395559648956466,14.375366317104303
22176,22176,1.0,1.0,1978,Warehouse,22176.0,98108.0,GREATER DUWAMISH,47.5193,-122.3213,60.0,3.5195728343974766,13.509568957026715
26930,20580,2.0,1.0,1980,Medical Office,26930.0,98115.0,NORTH,47.70007,-122.32533,64.0,2.0781907597781832,13.818502078900227
20296,20296,2.0,1.0,1959,Self-Storage Facility,20296.0,98105.0,NORTHEAST,47.66353,-122.29505,67.0,1.9416152247724325,13.659635538150297
33576,33576,2.0,1.0,1980,Warehouse,33576.0,98105.0,NORTHEAST,47.66294,-122.29521,64.0,3.9265174515785985,14.058639268934227
21765,21765,2.0,1.0,1910,Worship Facility,21765.0,98107.0,BALLARD,47.67477,-122.38241,80.0,2.911263116927541,12.974771092247353
26560,26560,2.0,1.0,1901,Worship Facility,26560.0,98122.0,CENTRAL,47.6101,-122.30838,1.0,4.1878349053094395,14.375974486127069
20140,20140,2.0,1.0,1957,Warehouse,20140.0,98103.0,LAKE UNION,47.65022,-122.34174,49.0,0.5933268452777344,11.665540122290118
25500,25500,1.0,1.0,1967,Small- and Mid-Sized Office,25500.0,98108.0,GREATER DUWAMISH,47.55045,-122.32749,98.0,4.030694535145645,14.009324778706302
56193,56193,2.0,1.0,1958,Retail Store,56193.0,98108.0,GREATER DUWAMISH,47.54912,-122.32184,67.0,3.8691155044168695,14.730978451399714
35448,35448,3.0,1.0,1922,K-12 School,35448.0,98107.0,BALLARD,47.6712,-122.37568,97.0,4.116432158686106,14.137545867566493
29214,29214,1.0,1.0,1966,Supermarket / Grocery Store,29214.0,98107.0,BALLARD,47.66986,-122.37418,8.0,5.344866927201017,16.049414159558985
39840,39840,1.0,1.0,1980,Warehouse,39840.0,98107.0,BALLARD,47.66411,-122.37185,2.0,1.8309801823813363,13.530631220844517
21528,21528,2.0,1.0,1924,Other,21528.0,98107.0,BALLARD,47.66894,-122.38242,67.0,2.0294631718735947,12.634316646152696
30087,30087,2.0,1.0,1942,Other,30554.0,98107.0,BALLARD,47.67482,-122.37316,67.0,3.6315151367243654,15.478421557311044
40445,40445,1.0,1.0,1975,Worship Facility,40445.0,98107.0,BALLARD,47.66327,-122.37439,92.0,3.4091655513113324,13.575036048823213
23500,23500,1.0,1.0,1996,Retail Store,23500.0,98107.0,BALLARD,47.66318,-122.37283,53.0,2.659559991941776,13.944755213144713
22420,22420,1.0,1.0,1967,Retail Store,23067.0,98134.0,Ballard,47.67518,-122.36549,82.0,3.4901235908565567,14.15501729297753
25842,25842,1.0,1.0,1961,Supermarket / Grocery Store,25987.0,98119.0,MAGNOLIA / QUEEN ANNE,47.64909,-122.37788,35.0,5.474537011150523,15.957728991899275
56884,56884,1.0,1.0,1960,Warehouse,56884.0,98199.0,MAGNOLIA / QUEEN ANNE,47.66206,-122.38948,71.0,3.6503984672956546,14.143623758557998
32810,32810,1.0,1.0,1989,Retail Store,32810.0,98117.0,BALLARD,47.6917,-122.37617,66.0,3.85946575468947,14.517601994146451
30989,30989,3.0,1.0,1980,Self-Storage Facility,30989.0,98119.0,MAGNOLIA / QUEEN ANNE,47.64455,-122.37581,67.0,0.5187937934151675,11.489568793622837
20022,20022,2.0,1.0,1961,Small- and Mid-Sized Office,20784.0,98119.0,MAGNOLIA / QUEEN ANNE,47.65504,-122.37402,80.0,1.7191887763932197,13.396027879925866
22365,22365,4.0,1.0,1979,Small- and Mid-Sized Office,21617.0,98199.0,MAGNOLIA / QUEEN ANNE,47.65881,-122.38382,71.0,1.803358605071407,13.49721368173087
30172,30172,4.0,1.0,1994,Small- and Mid-Sized Office,30172.0,98199.0,MAGNOLIA / QUEEN ANNE,47.65801,-122.3839,82.0,1.9878743481543455,13.714651976708874
23500,23500,2.0,1.0,1968,Small- and Mid-Sized Office,23500.0,98107.0,BALLARD,47.66497,-122.38047,26.0,3.5700959181239695,14.338110195197613
22282,22282,1.0,1.0,1966,Small- and Mid-Sized Office,22282.0,98107.0,BALLARD,47.66431,-122.37988,93.0,2.871868286331605,13.270592523792992
24000,24000,2.0,1.0,1902,Self-Storage Facility,24000.0,98107.0,BALLARD,47.66351,-122.37961,67.0,2.91180703861623,13.128146000763959
37500,37500,2.0,1.0,1931,Small- and Mid-Sized Office,37500.0,98125.0,NORTH,47.719,-122.29966,58.0,3.8124236402053913,14.620094680254995
23983,23983,3.0,1.0,1930,K-12 School,23983.0,98125.0,NORTHWEST,47.73143,-122.32784,61.0,3.534562093729579,13.967687076130375
31343,31343,2.0,3.0,2004,K-12 School,51515.0,98105.0,NORTHEAST,47.66665,-122.31818,5.0,4.864915639746849,15.16267478682831
40571,29722,4.0,1.0,1983,Small- and Mid-Sized Office,24008.0,98199.0,MAGNOLIA / QUEEN ANNE,47.65708,-122.38383,64.0,2.299580583973747,14.067683353853386
33087,33087,1.0,1.0,1932,Other,53776.0,98112.0,EAST,47.6303,-122.3142,67.0,4.811371016571989,15.082136771783302
27574,27574,2.0,1.0,1982,Small- and Mid-Sized Office,27574.0,98133.0,NORTHWEST,47.70793,-122.33316,73.0,2.244955980157409,14.007246204500092
76105,48798,3.0,1.0,1987,Small- and Mid-Sized Office,76105.0,98133.0,NORTHWEST,47.70842,-122.3332,91.0,2.9036169846461855,14.720680178889637
28841,28841,3.0,1.0,1988,Medical Office,28841.0,98125.0,NORTH,47.70676,-122.32264,55.0,3.5386377907833935,14.193399412282336
30498,30498,1.0,2.0,2005,Other,30498.0,98125.0,NORTH,47.70541,-122.32232,67.0,4.396792086874355,14.705894180044803
42975,42975,2.0,1.0,1924,K-12 School,21405.0,98106.0,DELRIDGE,47.51698,-122.35946,92.0,3.7832801295354206,13.774014377898675
27144,27144,2.0,1.0,1920,Other,27144.0,98109.0,MAGNOLIA / QUEEN ANNE,47.63132,-122.34136,67.0,3.5139306516493947,13.827464141362581
23166,23166,1.0,5.0,1970,Other,23166.0,98133.0,NORTHWEST,47.70969,-122.34557,67.0,5.2235938203521,15.061336736755269
21603,21603,1.0,1.0,1965,Supermarket / Grocery Store,21603.0,98144.0,GREATER DUWAMISH,47.57894,-122.31287,16.0,4.874357275803628,15.579179318440646
42900,42900,1.0,1.0,1979,Distribution Center,43050.0,98108.0,DELRIDGE,47.53158,-122.33568,53.0,1.3962446919730587,12.985978775389226
25840,25840,2.0,1.0,1956,Warehouse,25840.0,98144.0,DOWNTOWN,47.59783,-122.31554,92.0,1.1600209167967532,12.655647437938955
45145,45145,1.0,1.0,1988,Small- and Mid-Sized Office,43813.0,98144.0,DOWNTOWN,47.59721,-122.31838,67.0,3.7984062786411785,14.053314124217232
44086,44086,1.0,1.0,1904,Residence Hall,44091.0,98104.0,EAST,47.6073,-122.32585,29.0,5.220355825078324,15.110979847378418
21282,21282,3.0,1.0,1956,Small- and Mid-Sized Office,19658.0,98122.0,EAST,47.60819,-122.32282,69.0,4.146778872070522,14.035388583247363
41022,41022,2.0,1.0,1921,Other,41022.0,98118.0,SOUTHEAST,47.54563,-122.27616,67.0,3.3109079103146946,15.147256133963962
28109,28109,2.0,1.0,1966,Other,28109.0,98106.0,DELRIDGE,47.57058,-122.35626,67.0,3.6735119769828146,15.09991829303422
21936,21936,1.0,1.0,1977,Warehouse,21936.0,98165.0,NORTH,47.72051,-122.30103,100.0,1.3056264580524357,11.63630171826976
30160,30160,1.0,1.0,1969,Other,30139.0,98125.0,NORTH,47.72083,-122.29979,67.0,3.8124236402053913,13.860330470151025
25151,25151,3.0,1.0,1959,Small- and Mid-Sized Office,24155.0,98122.0,EAST,47.60789,-122.32249,85.0,4.143928062410929,14.120695372355213
35770,35770,6.0,1.0,1928,Hotel,35770.0,98104.0,EAST,47.60958,-122.32646,56.0,4.730392150741473,14.786661091670576
48006,48006,9.0,1.0,1928,Hotel,48006.0,98101.0,EAST,47.60981,-122.32687,85.0,4.6280074198908485,14.99100826762543
21315,21315,2.0,1.0,1973,Small- and Mid-Sized Office,20424.0,98134.0,GREATER DUWAMISH,47.5956,-122.32292,34.0,4.715458539882214,14.843852731245175
34030,34030,3.0,1.0,1979,Small- and Mid-Sized Office,34030.0,98121.0,DOWNTOWN,47.61833,-122.35871,50.0,3.1467351470905185,14.374343682555773
41308,41308,1.0,1.0,1952,Distribution Center,41308.0,98134.0,GREATER DUWAMISH,47.5746,-122.32637,7.0,3.678071255397333,14.311713286430573
34976,34976,3.0,1.0,1912,Other,34976.0,98119.0,MAGNOLIA / QUEEN ANNE,47.62591,-122.35843,67.0,2.8154087194227095,13.680506223951136
50333,32297,4.0,1.0,1959,Small- and Mid-Sized Office,50333.0,98102.0,LAKE UNION,47.64168,-122.32562,88.0,2.498973906999436,14.286816697949485
23706,23706,1.0,1.0,1963,Worship Facility,23706.0,98106.0,DELRIDGE,47.51989,-122.35489,78.0,2.647592232065096,12.901147732234213
49066,49066,1.0,1.0,1917,Other,49000.0,98136.0,SOUTHWEST,47.5219,-122.38787,67.0,5.192178770486369,15.159732924889736
67450,67450,1.0,1.0,1959,Supermarket / Grocery Store,42760.0,98118.0,SOUTHEAST,47.52262,-122.26922,97.0,4.040592106222854,14.860307251109102
46970,46970,1.0,1.0,1948,Warehouse,46970.0,98119.0,MAGNOLIA / QUEEN ANNE,47.65649,-122.37507,67.0,1.9685099809725544,13.69096439130791
43016,37616,2.0,1.0,1979,Small- and Mid-Sized Office,43016.0,98119.0,MAGNOLIA / QUEEN ANNE,47.63063,-122.37428,100.0,4.120174738923119,14.02584968136238
20671,20671,2.0,1.0,1940,Small- and Mid-Sized Office,20671.0,98119.0,MAGNOLIA / QUEEN ANNE,47.63128,-122.37387,98.0,3.248822901236153,13.366889679510807
21600,21600,1.0,1.0,1927,Warehouse,21600.0,98134.0,GREATER DUWAMISH,47.58065,-122.33356,57.0,2.731766727719526,13.122022506914584
35844,35844,1.0,1.0,1977,Worship Facility,35844.0,98146.0,SOUTHWEST,47.50959,-122.37417,14.0,1.951608170169951,13.671787261024349
26094,26094,1.0,1.0,1953,Warehouse,26094.0,98134.0,GREATER DUWAMISH,47.56121,-122.33872,19.0,1.7833912195575383,13.473008717260868
23687,23687,2.0,1.0,1983,Small- and Mid-Sized Office,23687.0,98134.0,GREATER DUWAMISH,47.56121,-122.33872,68.0,2.1471001901536506,13.89668009206884
24221,24221,2.0,1.0,1983,Small- and Mid-Sized Office,24221.0,98134.0,GREATER DUWAMISH,47.56121,-122.33872,20.0,2.3988039507345884,14.177068187170553
21592,21592,2.0,1.0,1922,K-12 School,20700.0,98144.0,CENTRAL,47.59692,-122.30601,47.0,4.0116873285410914,14.174432475565835
23923,23923,2.0,1.0,1931,K-12 School,23923.0,98115.0,NORTH,47.69061,-122.31992,69.0,3.0209125720842893,13.599397857192587
28296,28296,2.0,1.0,1963,Small- and Mid-Sized Office,26899.0,98144.0,CENTRAL,47.59693,-122.31124,80.0,2.3282528397426234,14.099532628272067
160000,160000,1.0,1.0,1968,Distribution Center,160000.0,98134.0,GREATER DUWAMISH,47.55945,-122.33601,94.0,2.2049722641270453,13.962185506874498
53550,53550,1.0,1.0,1960,Warehouse,53550.0,98134.0,GREATER DUWAMISH,47.55601,-122.33627,11.0,5.168322569931849,15.33944450215164
25881,25881,1.0,1.0,1930,Self-Storage Facility,25881.0,98134.0,GREATER DUWAMISH,47.55662,-122.33728,67.0,1.5686159179138452,13.209324940653275
24291,24291,1.0,1.0,1953,Small- and Mid-Sized Office,24023.0,98108.0,GREATER DUWAMISH,47.55498,-122.32497,98.0,3.0257763949023677,13.393036679853461
36544,36544,1.0,1.0,1966,Warehouse,36544.0,98108.0,GREATER DUWAMISH,47.55458,-122.32639,5.0,2.2874714551839976,14.054408356854273
20796,20796,1.0,1.0,1949,Warehouse,20796.0,98134.0,GREATER DUWAMISH,47.58387,-122.32092,67.0,3.9531649487593215,14.096238349108342
38630,38630,1.0,1.0,1936,Warehouse,38500.0,98134.0,GREATER DUWAMISH,47.58082,-122.32031,33.0,1.3635373739972745,12.940569506479694
41550,41550,1.0,1.0,1951,Refrigerated Warehouse,41550.0,98134.0,GREATER DUWAMISH,47.58252,-122.32193,94.0,1.7011051009599243,13.373349599053553
54170,54170,2.0,1.0,1994,Other,54170.0,98108.0,GREATER DUWAMISH,47.52305,-122.31899,67.0,5.1893392039782915,15.574193221527034
42252,42252,2.0,1.0,1912,K-12 School,42252.0,98118.0,SOUTHEAST,47.55095,-122.27978,49.0,4.638121286127777,14.605675323518732
23100,23100,1.0,1.0,1955,Self-Storage Facility,23250.0,98118.0,GREATER DUWAMISH,47.54514,-122.28596,67.0,2.6993457604720636,13.668985396495351
48179,41047,6.0,1.0,2006,Self-Storage Facility,48179.0,98115.0,NORTHEAST,47.69316,-122.30487,67.0,2.5817308344235403,13.588824881349657
52325,52325,1.0,1.0,1937,Warehouse,52325.0,98134.0,GREATER DUWAMISH,47.59294,-122.32555,67.0,2.946016681308058,13.603516108170671
25880,25880,1.0,1.0,1944,Retail Store,25880.0,98134.0,GREATER DUWAMISH,47.58698,-122.32397,100.0,0.76080582903376,12.001266187357068
31365,31365,1.0,1.0,1972,Other,31365.0,98134.0,GREATER DUWAMISH,47.57936,-122.32322,67.0,1.8066480817218056,13.3893212098804
32100,32100,1.0,1.0,1910,Other,32100.0,98134.0,GREATER DUWAMISH,47.57959,-122.32557,67.0,3.2872818575322613,13.538451692244134
22972,22972,1.0,1.0,1945,Warehouse,22972.0,98134.0,GREATER DUWAMISH,47.57833,-122.32563,12.0,1.4929040961781488,13.113286305149858
20819,20819,1.0,1.0,1974,Other,20819.0,98108.0,GREATER DUWAMISH,47.56671,-122.32446,67.0,3.9564225927248304,14.343152811251414
25520,25520,1.0,1.0,1957,Refrigerated Warehouse,25200.0,98108.0,GREATER DUWAMISH,47.5668,-122.32149,100.0,4.0943445622221,14.29223886951543
25460,25460,1.0,1.0,1952,Other,8223.0,98134.0,GREATER DUWAMISH,47.58754,-122.3224,67.0,1.9198594718553708,13.634843082423355
24291,24291,2.0,1.0,1974,Small- and Mid-Sized Office,24291.0,98115.0,NORTH,47.70008,-122.30321,87.0,2.004179057179289,13.732597996613897
20738,20738,2.0,1.0,1958,Retail Store,20738.0,98115.0,NORTH,47.70053,-122.3038,44.0,1.541159071680806,13.174488569419076
28385,21329,2.0,1.0,1986,Medical Office,20575.0,98144.0,NORTH,47.7044,-122.32285,1.0,2.970414465569701,14.791697929092788
27933,27933,1.0,1.0,1960,Other,27933.0,98134.0,GREATER DUWAMISH,47.57217,-122.32421,67.0,3.778034365424829,15.628669581336197
39600,39600,1.0,1.0,1952,Warehouse,39600.0,98134.0,GREATER DUWAMISH,47.57294,-122.32811,85.0,1.3402504226184837,12.911769267169657
39600,39600,1.0,1.0,1952,Warehouse,39600.0,98134.0,GREATER DUWAMISH,47.57199,-122.32811,91.0,2.327277705584417,13.057073440798186
41248,41248,1.0,1.0,1937,Distribution Center,41430.0,98134.0,GREATER DUWAMISH,47.57747,-122.32844,37.0,2.8622008809294686,13.918348582314302
31332,31332,1.0,1.0,1920,Other,31332.0,98116.0,SOUTHWEST,47.56398,-122.38727,67.0,3.2546289945740186,15.089008282214287
35864,35864,2.0,1.0,1948,Worship Facility,35864.0,98116.0,SOUTHWEST,47.57177,-122.38716,75.0,3.7986303180730556,14.020990624384895
20484,20484,1.0,1.0,1954,Worship Facility,20484.0,98108.0,GREATER DUWAMISH,47.55464,-122.31576,69.0,3.6732580732109796,13.620271072852322
45264,27642,4.0,1.0,1984,Medical Office,21743.0,98105.0,NORTHEAST,47.66169,-122.28558,4.0,2.6311691567662523,14.430335185951895
36932,22356,4.0,2.0,1987,Medical Office,27642.0,98105.0,NORTHEAST,47.66159,-122.28606,67.0,3.029650491757452,14.853699491018881
45082,45082,4.0,1.0,1973,Other,45082.0,98122.0,CENTRAL,47.60775,-122.31198,67.0,4.548599834499697,15.265323584408044
41600,41600,2.0,1.0,1951,Worship Facility,41600.0,98103.0,NORTHWEST,47.68351,-122.35482,58.0,3.4654233539614268,13.993795855010184
34110,34110,2.0,1.0,1960,Small- and Mid-Sized Office,34110.0,98102.0,LAKE UNION,47.63567,-122.32522,31.0,2.9375733593804587,14.757073831798229
35400,35400,1.0,1.0,1959,Warehouse,35400.0,98134.0,GREATER DUWAMISH,47.58238,-122.32719,84.0,2.331172549845958,12.94796162599478
35115,35115,3.0,1.0,2009,Other,35115.0,98125.0,NORTH,47.7139,-122.29794,67.0,3.494687724749494,14.46937323333627
43200,43200,2.0,1.0,1915,Warehouse,43200.0,98122.0,EAST,47.61467,-122.31777,38.0,3.9156165409382764,14.472954133090072
20385,20385,2.0,1.0,1950,Worship Facility,20385.0,98115.0,NORTHEAST,47.68061,-122.29002,65.0,3.5564902660681907,13.603916074312513
24295,24295,1.0,1.0,1946,Worship Facility,24295.0,98115.0,NORTHEAST,47.67984,-122.27739,53.0,0.9202827531436926,12.283570579550558
20317,20317,2.0,1.0,1967,Small- and Mid-Sized Office,20317.0,98105.0,NORTHEAST,47.66888,-122.28333,83.0,1.673351238177753,13.339078812577949
24377,24377,1.0,1.0,1973,Supermarket / Grocery Store,24377.0,98105.0,NORTHEAST,47.66824,-122.28394,6.0,5.56574570997255,16.10311002525894
33392,33392,1.0,1.0,1986,Other,33392.0,98113.0,NORTHWEST,47.70197,-122.34219,67.0,3.0170044088295307,14.840350625800186
45155,45155,1.0,1.0,1986,Supermarket / Grocery Store,45155.0,98133.0,NORTHWEST,47.70224,-122.34409,6.0,5.072858637276387,15.713756983177966
32000,32000,1.0,1.0,1966,Warehouse,32040.0,98108.0,GREATER DUWAMISH,47.5316,-122.333,3.0,3.7558369222388173,14.597652335133121
44000,44000,1.0,1.0,1970,Warehouse,45449.0,98108.0,GREATER DUWAMISH,47.5316,-122.333,15.0,5.173490833601192,15.274696696615791
36000,36000,1.0,1.0,1973,Warehouse,36000.0,98108.0,GREATER DUWAMISH,47.5316,-122.333,44.0,4.83150862819882,14.835015243279159
48020,48020,1.0,1.0,1979,Warehouse,47800.0,98108.0,GREATER DUWAMISH,47.52549,-122.33064,71.0,4.096675177560383,14.679905392869777
27420,27420,1.0,1.0,1979,Warehouse,27850.0,98108.0,GREATER DUWAMISH,47.52549,-122.33064,55.0,3.6901286735143684,13.977921244103948
43645,43645,2.0,1.0,1949,K-12 School,37000.0,98115.0,NORTHEAST,47.694,-122.28967,71.0,4.456089962973938,14.535278917064463
26853,26853,1.0,1.0,1952,Retail Store,20360.0,98115.0,NORTHEAST,47.69066,-122.29023,68.0,3.111735949310297,14.151313820872462
44775,44775,4.0,1.0,1909,Other,44775.0,98134.0,GREATER DUWAMISH,47.59347,-122.33369,67.0,3.4301087251565754,13.764950284325042
26075,26075,1.0,1.0,1918,Other,26075.0,98134.0,GREATER DUWAMISH,47.57619,-122.3339,67.0,2.9231615807191558,14.290818687190873
20460,20460,1.0,1.0,1926,Small- and Mid-Sized Office,20460.0,98134.0,GREATER DUWAMISH,47.57893,-122.33374,16.0,1.9878743481543455,13.714078842232716
25821,25821,2.0,1.0,1925,Self-Storage Facility,25821.0,98134.0,GREATER DUWAMISH,47.58168,-122.33369,67.0,0.9001613499442714,12.253431801056868
21870,21870,2.0,1.0,1955,Refrigerated Warehouse,21870.0,98134.0,GREATER DUWAMISH,47.58217,-122.33263,45.0,2.138889000323256,13.887227665348682
51664,51664,1.0,3.0,1988,Warehouse,51664.0,98134.0,GREATER DUWAMISH,47.58069,-122.3325,67.0,4.216119619148022,15.076266568248485
43615,43615,1.0,1.0,1970,Medical Office,43615.0,98126.0,DELRIDGE,47.53419,-122.36624,89.0,4.67609452432479,14.957772998143833
36879,36879,3.0,1.0,1970,Small- and Mid-Sized Office,16855.0,98126.0,DELRIDGE,47.53419,-122.36624,26.0,2.194999882314108,13.95027612618069
36600,36600,2.0,1.0,1982,Warehouse,43556.0,98106.0,DELRIDGE,47.53846,-122.36175,80.0,1.1474024528375417,12.639157480647944
43473,43473,3.0,1.0,2000,Small- and Mid-Sized Office,43473.0,98134.0,GREATER DUWAMISH,47.55658,-122.33322,3.0,3.459151774922711,15.300951027751685
40265,40265,1.0,1.0,1990,Retail Store,40793.0,98126.0,DELRIDGE,47.52254,-122.36627,19.0,3.5967641652061304,15.134696364905736
26208,26208,1.0,1.0,2005,Retail Store,32427.0,98126.0,DELRIDGE,47.52254,-122.36627,79.0,3.653511310276145,14.291052105842736
32250,32250,5.0,1.0,1910,Small- and Mid-Sized Office,32250.0,98104.0,DOWNTOWN,47.59657,-122.33394,92.0,2.5209170873110334,13.587408954547959
51000,51000,1.0,1.0,1953,Retail Store,51000.0,98103.0,NORTHWEST,47.69061,-122.35731,95.0,2.719319793360441,14.076366666505356
20150,20150,2.0,1.0,1920,Small- and Mid-Sized Office,20150.0,98134.0,GREATER DUWAMISH,47.59508,-122.33378,80.0,1.6134299337036377,13.264166929926644
36000,36000,7.0,1.0,1909,Small- and Mid-Sized Office,31500.0,98104.0,DOWNTOWN,47.59639,-122.33368,40.0,2.543961412569315,14.335765114302733
22580,22580,1.0,1.0,1927,Small- and Mid-Sized Office,22580.0,98134.0,GREATER DUWAMISH,47.58686,-122.33469,90.0,2.365559892155434,13.741418143381841
20000,20000,1.0,1.0,1926,Warehouse,20000.0,98122.0,CENTRAL,47.60192,-122.31641,18.0,3.541538866215227,13.519163216946316
244500,244500,6.0,1.0,2009,Senior Care Community,244500.0,98133.0,NORTH,47.70178,-122.32352,100.0,5.682899263739777,16.215189874772964
24617,24617,1.0,1.0,1932,Warehouse,22752.0,98134.0,GREATER DUWAMISH,47.55608,-122.3388,67.0,0.5596157879354227,11.579826817421987
37247,37247,1.0,1.0,1964,Retail Store,37247.0,98134.0,GREATER DUWAMISH,47.55772,-122.33017,69.0,4.083620598859125,14.374352046207045
52110,52110,2.0,1.0,1900,Warehouse,32000.0,98134.0,GREATER DUWAMISH,47.58318,-122.3347,34.0,3.263849190510932,13.282081707632424
29874,29874,3.0,1.0,1962,K-12 School,31375.0,98126.0,DELRIDGE,47.53887,-122.37564,95.0,4.012230265845171,14.057711949485682
71874,40485,2.0,1.0,1990,Self-Storage Facility,71874.0,98133.0,NORTHWEST,47.70281,-122.35623,67.0,3.8279890098181366,14.032887715540777
39953,39953,2.0,1.0,1971,Small- and Mid-Sized Office,30100.0,98144.0,CENTRAL,47.60104,-122.30155,93.0,3.3690184832979204,14.226668017189942
24120,24120,2.0,1.0,1928,Worship Facility,24120.0,98117.0,BALLARD,47.67628,-122.38238,66.0,3.482470101790892,13.702402538308815
51050,51050,1.0,1.0,1941,Warehouse,49500.0,98134.0,GREATER DUWAMISH,47.57298,-122.33644,10.0,3.3586377672433594,14.00295791370961
21900,21900,2.0,1.0,1954,Retail Store,21900.0,98134.0,GREATER DUWAMISH,47.57044,-122.33475,40.0,3.7764323511217976,14.079560996195278
16300,16300,1.0,1.0,1952,Distribution Center,65164.0,98134.0,GREATER DUWAMISH,47.57227,-122.33843,100.0,0.9555114450274363,11.919515253055366
33462,33462,1.0,1.0,1964,Warehouse,33462.0,98134.0,GREATER DUWAMISH,47.57339,-122.33735,1.0,2.367436065313662,14.142254466766394
36140,36140,3.0,1.0,1962,Other,34733.0,98108.0,GREATER DUWAMISH,47.54089,-122.32323,67.0,3.5097527882165007,15.353137918690582
22522,22522,3.0,1.0,1947,Self-Storage Facility,22522.0,98115.0,NORTHEAST,47.67923,-122.31715,67.0,3.1994891110680106,13.238322305944
38959,38959,4.0,1.0,1996,Self-Storage Facility,38959.0,98115.0,NORTHEAST,47.67905,-122.31697,67.0,3.212455257065278,13.716520126835112
21936,21936,2.0,1.0,1951,Worship Facility,21936.0,98133.0,NORTHWEST,47.70901,-122.35498,96.0,3.393837027255863,13.319173425603363
23250,23250,2.0,1.0,1967,Small- and Mid-Sized Office,22014.0,98118.0,SOUTHEAST,47.56029,-122.2858,55.0,1.9878743481543455,13.714846773155845
23022,23022,4.0,1.0,1980,Small- and Mid-Sized Office,23022.0,98125.0,NORTH,47.70868,-122.30089,78.0,2.7498317351171653,13.842378242394327
31569,31569,1.0,1.0,1962,Warehouse,33000.0,98134.0,GREATER DUWAMISH,47.56318,-122.32889,12.0,4.840953517648737,14.935245027770927
22509,22509,1.0,1.0,1956,Warehouse,22509.0,98134.0,GREATER DUWAMISH,47.56362,-122.32876,57.0,0.8064758658669484,12.08849219691415
26440,26440,1.0,1.0,1906,Worship Facility,26440.0,98102.0,EAST,47.62322037,-122.320017,91.0,3.3648791189880436,13.4868761873642
28800,28800,2.0,1.0,1956,Self-Storage Facility,28800.0,98144.0,GREATER DUWAMISH,47.59291,-122.31042,67.0,3.415757532993485,13.94989076212134
28500,28500,2.0,4.0,2009,K-12 School,31100.0,98122.0,CENTRAL,47.61791,-122.28594,92.0,3.389124800427886,13.966136855875952
26300,26300,2.0,1.0,1921,Other,26300.0,98109.0,MAGNOLIA / QUEEN ANNE,47.62643,-122.33946,67.0,4.770176020572358,15.079027636034883
34072,34072,2.0,1.0,1962,Restaurant,34072.0,98109.0,LAKE UNION,47.63734,-122.33988,67.0,5.4285119482058635,15.700299957687962
23355,23355,3.0,1.0,1949,Small- and Mid-Sized Office,21915.0,98109.0,LAKE UNION,47.63614,-122.33982,77.0,1.925707441737794,13.641812164597564
20332,20332,1.0,1.0,1946,Other,20332.0,98115.0,NORTHEAST,47.67642,-122.3035,67.0,2.4840729690394228,12.880762246935983
21850,21850,1.0,1.0,1900,Worship Facility,21850.0,98122.0,CENTRAL,47.61118,-122.288,100.0,2.645465325910589,12.669163078291799
28309,28309,2.0,1.0,1918,Self-Storage Facility,28309.0,98109.0,MAGNOLIA / QUEEN ANNE,47.64633,-122.3508,67.0,2.553343811341229,12.972260940406917
45500,45500,4.0,1.0,1914,Hotel,45500.0,98104.0,DOWNTOWN,47.60154,-122.3352,77.0,4.812184355372417,14.844985679020962
22200,22200,3.0,1.0,1900,Other,22200.0,98104.0,DOWNTOWN,47.59976,-122.33514,67.0,2.0856720914304723,12.148161199938853
23050,23050,1.0,1.0,1938,Warehouse,23050.0,98103.0,LAKE UNION,47.64793,-122.34358,27.0,1.4469189829363254,13.053385550447064
48350,48350,4.0,1.0,2008,Small- and Mid-Sized Office,41227.0,98103.0,LAKE UNION,47.64747,-122.34086,45.0,3.139399623366404,14.968652697715088
46059,46059,1.0,1.0,1930,Retail Store,46000.0,98105.0,NORTHEAST,47.66097,-122.3192,82.0,3.0754672415728446,14.274615559208947
23595,23595,2.0,1.0,1970,Medical Office,23595.0,98115.0,NORTHEAST,47.67437,-122.3181,72.0,2.018895041811802,13.613896848559765
28142,28142,3.0,1.0,1900,Small- and Mid-Sized Office,28142.0,98104.0,DOWNTOWN,47.59938,-122.33328,96.0,3.5576311675039825,13.649572628577083
36940,36940,2.0,1.0,1916,Retail Store,36940.0,98122.0,EAST,47.61478,-122.31847,100.0,1.208960345836975,12.727085422500744
22866,22866,3.0,1.0,1913,Small- and Mid-Sized Office,22866.0,98122.0,EAST,47.61435,-122.31859,67.0,3.080073421987742,13.958477034244725
28586,28586,2.0,1.0,1962,Other,27022.0,98105.0,NORTHEAST,47.65729,-122.31937,67.0,3.594568774642695,15.440468410656402
28800,28800,3.0,1.0,1913,Restaurant,41227.0,98104.0,DOWNTOWN,47.59697,-122.32474,67.0,3.4081729953985804,13.710066913851373
24600,24600,2.0,1.0,1910,Worship Facility,24600.0,98122.0,EAST,47.61426,-122.32661,69.0,1.8961194845522977,12.710056417113263
54863,54863,3.0,1.0,1961,Hospital,109726.0,98116.0,SOUTHWEST,47.58767,-122.38672,100.0,2.7219531062712017,14.527342891187935
22622,22622,1.0,1.0,1927,Other,23000.0,98108.0,GREATER DUWAMISH,47.55523,-122.33448,67.0,3.3163654461454577,13.559426227121183
22960,22960,3.0,1.0,1961,Other,22960.0,98109.0,MAGNOLIA / QUEEN ANNE,47.63644,-122.34218,67.0,4.5682987112121864,14.63396087167914
25753,25753,1.0,1.0,1959,Other,25753.0,98122.0,CENTRAL,47.62322,-122.29006,67.0,4.151197373814884,14.136238972754457
71280,71280,3.0,1.0,1928,Other,71280.0,98112.0,EAST,47.62816,-122.28067,67.0,6.760240863693588,16.940859088742457
66610,66610,3.0,1.0,1994,Self-Storage Facility,66720.0,98126.0,DELRIDGE,47.56785,-122.37039,67.0,2.9861868607104594,13.369813905985556
23222,23222,2.0,1.0,1938,K-12 School,15006.0,98133.0,NORTHWEST,47.71387,-122.3535,62.0,4.026422545736642,14.014250037556192
60000,60000,3.0,1.0,1904,K-12 School,48783.0,98122.0,EAST,47.61339,-122.32594,52.0,4.809171691773934,15.103477529577082
46560,46560,2.0,1.0,1954,Other,46560.0,98122.0,EAST,47.61449,-122.32592,67.0,2.907447358686419,13.445256240978674
25481,25481,2.0,1.0,1960,Small- and Mid-Sized Office,25481.0,98119.0,MAGNOLIA / QUEEN ANNE,47.63985,-122.36712,92.0,3.678576561118039,13.728973227687653
141297,141297,1.0,1.0,1967,Senior Care Community,141297.0,98118.0,SOUTHEAST,47.53515,-122.26556,76.0,6.5777639955406135,16.781986251103103
41704,33120,4.0,1.0,1990,Hotel,41704.0,98133.0,NORTHWEST,47.729,-122.34473,73.0,4.086312390524837,14.480206950957635
22324,22324,2.0,1.0,1941,Warehouse,21000.0,98134.0,GREATER DUWAMISH,47.56683,-122.33358,53.0,3.1497400860333387,13.285938861052143
31360,31360,2.0,1.0,1946,Other,32000.0,98134.0,GREATER DUWAMISH,47.5661,-122.33358,67.0,3.7049988359938197,14.36080093977546
55974,55974,2.0,1.0,1961,Senior Care Community,56000.0,98103.0,Northwest,47.66312,-122.35311,98.0,5.3191488761279695,15.62954899758315
22583,22583,1.0,1.0,1954,Senior Care Community,22583.0,98125.0,NORTH,47.70883,-122.28887,95.0,4.275554390163365,14.499294540274965
29400,29400,1.0,1.0,1972,Warehouse,25000.0,98133.0,NORTHWEST,47.70833,-122.34429,69.0,0.9516578757114464,12.33495167015424
22452,22452,3.0,1.0,1992,Hotel,22452.0,98108.0,GREATER DUWAMISH,47.54774,-122.32091,85.0,3.7584055167625467,14.03396392755164
25767,25767,2.0,1.0,1912,Other,17434.0,98105.0,NORTHEAST,47.66148,-122.31279,22.0,2.4865719291070616,14.273791841953773
33300,33300,2.0,1.0,1910,K-12 School,30740.0,98103.0,LAKE UNION,47.66389,-122.33692,92.0,4.251348311031766,14.282217901048165
28808,28808,1.0,1.0,1957,Supermarket / Grocery Store,31174.0,98103.0,LAKE UNION,47.66185,-122.33594,29.0,5.4281607166967865,16.038248765776974
20880,20880,1.0,1.0,1900,Small- and Mid-Sized Office,20880.0,98104.0,DOWNTOWN,47.6011,-122.33197,94.0,1.7509374747078,13.434652692948951
25880,25880,2.0,1.0,2010,Medical Office,25880.0,98118.0,SOUTHEAST,47.5195,-122.26935,8.0,3.035433640405543,14.47908975749055
46485,46485,3.0,1.0,1950,Worship Facility,63922.0,98133.0,NORTHEAST,47.67842,-122.31949,83.0,3.871825815676733,14.2505323647519
27500,27500,2.0,1.0,1978,Worship Facility,27500.0,98115.0,NORTHWEST,47.67783,-122.32577,60.0,2.7593768282675506,13.265812643672122
41920,41920,5.0,1.0,1906,Small- and Mid-Sized Office,41920.0,98104.0,DOWNTOWN,47.59971,-122.33065,95.0,2.162172939277301,13.914084270284869
36879,36879,5.0,1.0,1905,Small- and Mid-Sized Office,44000.0,98104.0,DOWNTOWN,47.60048,-122.33157,92.0,3.330059353828816,14.245714619052492
29820,29820,6.0,1.0,1904,Other,29820.0,98104.0,DOWNTOWN,47.60055,-122.33057,67.0,3.6033215657522897,14.286736330713307
33640,33640,2.0,1.0,1905,Small- and Mid-Sized Office,27322.0,98104.0,DOWNTOWN,47.60026,-122.3299,70.0,2.1424163408412245,13.891115819335116
26510,26510,2.0,1.0,1970,Small- and Mid-Sized Office,30800.0,98134.0,DOWNTOWN,47.5962,-122.32548,91.0,2.4997952622817508,13.802490855781677
21624,21624,1.0,1.0,1954,Worship Facility,21624.0,98125.0,NORTH,47.71705,-122.28577,90.0,3.08922261664133,13.410078199319841
40552,40552,5.0,1.0,1910,Hotel,40552.0,98104.0,DOWNTOWN,47.59983,-122.32598,99.0,3.993602992420569,13.997983665773793
20686,20686,3.0,1.0,1924,Other,20686.0,98105.0,NORTHEAST,47.66192,-122.30998,67.0,3.7775769088752233,14.00406680528704
22124,22124,3.0,1.0,1929,Residence Hall,22124.0,98105.0,NORTHEAST,47.6617,-122.31007,82.0,1.6956156086751528,13.365601278165556
27487,27487,3.0,1.0,1926,Residence Hall,27487.0,98105.0,NORTHEAST,47.66289,-122.30863,82.0,4.203946072137182,14.28207444996607
23616,23616,4.0,1.0,1926,Residence Hall,23616.0,98105.0,NORTHEAST,47.66164,-122.30874,55.0,4.000949214622548,14.320169959598063
33448,33448,3.0,1.0,1976,Residence Hall,33448.0,98105.0,NORTHEAST,47.66238,-122.30801,78.0,2.0744289998562917,13.81414412481958
74840,74840,2.0,1.0,1987,Senior Care Community,74840.0,98122.0,CENTRAL,47.60133,-122.31088,48.0,5.523299227135887,15.927963369720041
22344,22344,2.0,1.0,1925,K-12 School,22344.0,98122.0,CENTRAL,47.6032,-122.30596,40.0,4.0294504223041105,14.235928480117705
31900,31900,3.0,1.0,1921,University,26000.0,98121.0,EAST,47.62531,-122.32303,67.0,4.576770711466393,14.71814891888312
44476,44476,1.0,1.0,1960,Warehouse,41256.0,98108.0,GREATER DUWAMISH,47.54761,-122.32759,33.0,3.4242626545931514,14.128949189010218
29084,29084,3.0,1.0,1950,Residence Hall,26000.0,98177.0,NORTHEAST,47.66281,-122.30819,66.0,4.124388683570477,14.305622910423661
21040,21040,1.0,1.0,1976,Warehouse,21040.0,98108.0,GREATER DUWAMISH,47.54443,-122.32688,43.0,3.0027078872904163,13.291412451521268
28032,28032,2.0,1.0,1951,Warehouse,30000.0,98108.0,GREATER DUWAMISH,47.54491,-122.32758,52.0,3.8630428232064276,14.093949544406282
25620,25620,1.0,1.0,1974,Distribution Center,25620.0,98108.0,GREATER DUWAMISH,47.54333,-122.32792,82.0,3.0661907372025525,13.218264632489237
33238,33238,3.0,1.0,1992,Warehouse,33238.0,98144.0,DOWNTOWN,47.59775,-122.32219,14.0,2.5160822672564502,14.305606600945415
27800,27800,4.0,1.0,1912,K-12 School,11093.0,98104.0,EAST,47.60745,-122.32542,8.0,3.6727500721840527,13.982235915525683
33706,33706,1.0,1.0,1998,Supermarket / Grocery Store,31746.0,98136.0,SOUTHWEST,47.54427,-122.38609,22.0,5.334311726771412,15.977417754225016
33708,33708,3.0,1.0,1912,Other,33708.0,98122.0,EAST,47.61314,-122.32262,67.0,3.0257763949023677,13.575125471954651
47237,47237,2.0,1.0,1948,Other,47661.0,98155.0,North,47.73368,-122.31366,67.0,3.754198920234579,15.60417039495856
26373,26373,3.0,1.0,1938,Worship Facility,26373.0,98105.0,NORTHEAST,47.66295,-122.31494,75.0,3.6681664125163946,13.779092393998777
23040,23040,3.0,1.0,1921,Distribution Center,23040.0,98119.0,MAGNOLIA / QUEEN ANNE,47.63319,-122.36294,67.0,1.3711807233098425,12.95141134195595
36771,36771,2.0,1.0,1956,Other,34856.0,98119.0,MAGNOLIA / QUEEN ANNE,47.63286,-122.36141,67.0,3.662792119350618,15.510589784280016
23232,23232,1.0,1.0,1972,Warehouse,23232.0,98108.0,GREATER DUWAMISH,47.56626,-122.3244,67.0,0.636576829071551,11.754890770525027
35046,35046,1.0,1.0,1974,Warehouse,32546.0,98108.0,GREATER DUWAMISH,47.56501,-122.3248,100.0,2.9258461460898246,13.87685974075241
43380,43380,1.0,1.0,1974,Warehouse,42844.0,98108.0,GREATER DUWAMISH,47.56448,-122.32484,89.0,1.3402504226184837,12.91179788954672
20410,20410,3.0,1.0,1995,Small- and Mid-Sized Office,20410.0,98020.0,LAKE UNION,47.65576,-122.34208,8.0,4.367420482284519,14.816230393962789
24955,24955,1.0,1.0,2002,Worship Facility,24955.0,98125.0,NORTHWEST,47.71479,-122.32824,47.0,3.12982600803469,13.44416277825032
34074,34074,3.0,1.0,1991,Other,34074.0,98112.0,Central,47.62342,-122.29688,67.0,5.660631381000218,15.95816043960784
32961,32961,2.0,1.0,1988,K-12 School,32961.0,98125.0,North,47.71923,-122.32171,86.0,4.157945143631696,14.268594350676763
25200,25200,3.0,1.0,1911,Other,25200.0,98122.0,Central,47.61796,-122.30847,67.0,3.98935434836447,14.03277063554
44755,44755,1.0,1.0,1996,Supermarket / Grocery Store,46978.0,98125.0,North,47.70941,-122.31707,56.0,5.827709559887865,16.25969425346626
23422,23422,3.0,1.0,1920,Small- and Mid-Sized Office,23422.0,98122.0,EAST,47.61393,-122.31589,65.0,4.860354892847096,14.809455794177065
38879,27551,2.0,5.0,1975,Other,38879.0,98122.0,EAST,47.61674,-122.31111,67.0,3.394172766725191,15.030915985094758
23040,23040,2.0,1.0,1920,Warehouse,23040.0,98112.0,EAST,47.61481,-122.31536,99.0,0.6259384308664953,11.286185415001098
61880,61880,2.0,1.0,1958,Warehouse,61880.0,98122.0,EAST,47.61469,-122.31596,66.0,1.6389967146756448,13.297891074776874
27908,27908,3.0,1.0,1929,Other,21886.0,98105.0,NORTHEAST,47.66506,-122.31656,67.0,4.162314688661368,14.522623080106937
54969,54969,3.0,1.0,2000,Retail Store,54969.0,98104.0,DOWNTOWN,47.59951,-122.32033,67.0,3.6965995771290743,15.130335568474004
25834,25834,3.0,1.0,1958,Small- and Mid-Sized Office,31822.0,98122.0,EAST,47.61546,-122.31195,73.0,4.007696755496428,14.546093506244409
37700,37700,1.0,1.0,1929,Worship Facility,52225.0,98102.0,EAST,47.63193,-122.32126,38.0,5.018801856762649,15.063039423840625
31805,31805,2.0,1.0,1953,Worship Facility,31805.0,98199.0,MAGNOLIA / QUEEN ANNE,47.64725,-122.39977,10.0,4.239742764911457,14.311223356102628
20811,20811,1.0,1.0,1953,K-12 School,20811.0,98199.0,MAGNOLIA / QUEEN ANNE,47.64725,-122.39977,95.0,3.805995600782616,14.052438269725016
36000,36000,5.0,1.0,1907,Other,36000.0,98112.0,GREATER DUWAMISH,47.56166,-122.3237,67.0,3.785098311854479,13.921036334965692
29079,29079,1.0,1.0,1955,Worship Facility,29079.0,98115.0,NORTHEAST,47.67816,-122.28998,78.0,3.1432898379116057,13.666598269194285
30800,30800,1.0,1.0,1965,Warehouse,30800.0,98108.0,GREATER DUWAMISH,47.54769,-122.3251,65.0,1.4793292270870801,13.093906288054205
268130,268130,11.0,1.0,2000,Large Office,268130.0,98104.0,DOWNTOWN,47.59666,-122.32768,88.0,4.680834089909081,16.5253160842481
273185,273185,11.0,1.0,2000,Large Office,281566.0,98104.0,DOWNTOWN,47.59634,-122.32807,88.0,4.639958011473755,16.50398044305732
97500,97500,3.0,1.0,1924,K-12 School,97500.0,98105.0,NORTHEAST,47.66368,-122.27324,97.0,5.059107947547034,15.13378327223441
54015,54015,5.0,1.0,1982,Small- and Mid-Sized Office,54015.0,98119.0,MAGNOLIA / QUEEN ANNE,47.62495,-122.36036,75.0,3.093312601892855,14.920768217165278
57468,57468,1.0,2.0,2013,University,67750.0,98144.0,CENTRAL,47.59677,-122.30172,67.0,4.508659285607248,15.080762781444774
84000,84000,5.0,1.0,2006,University,84300.0,98122.0,EAST,47.61808,-122.32175,67.0,6.093434320691699,16.315644432861042
103000,103000,3.0,1.0,1991,Retail Store,103000.0,98101.0,DOWNTOWN,47.6087,-122.33884,89.0,4.408911963455264,15.46697725645272
37864,37864,1.0,1.0,2008,Supermarket / Grocery Store,37864.0,98116.0,SOUTHWEST,47.56137,-122.38524,61.0,5.18037806868335,15.898159076791353
66497,66497,2.0,1.0,1950,Supermarket / Grocery Store,66497.0,98122.0,EAST,47.62256,-122.32092,84.0,4.29073337622749,16.044472253686916
34010,34010,4.0,1.0,2006,Retail Store,38428.0,98109.0,MAGNOLIA / QUEEN ANNE,47.62473,-122.34727,67.0,3.2511493854184965,15.08544391092974
45980,45980,4.0,1.0,2006,Supermarket / Grocery Store,45980.0,98109.0,MAGNOLIA / QUEEN ANNE,47.62473,-122.34727,79.0,5.269712109537703,15.932399125358792
45743,45743,3.0,1.0,1996,Retail Store,45243.0,98122.0,EAST,47.61378771,-122.3214255,88.0,4.436159643253809,15.48570823602365
72859,72859,4.0,1.0,1904,Warehouse,72859.0,98108.0,GREATER DUWAMISH,47.55066,-122.31787,55.0,2.5974910105351463,14.219947721251481
30287,30287,2.0,1.0,1960,Medical Office,28050.0,98115.0,NORTHEAST,47.6824,-122.26223,32.0,3.518091133133655,14.600833921577939
21931,21931,2.0,1.0,1960,Small- and Mid-Sized Office,31845.0,98115.0,NORTHEAST,47.68254,-122.26299,32.0,4.984359762683993,15.18851962153132
26263,26263,1.0,1.0,1993,Small- and Mid-Sized Office,26263.0,98103.0,LAKE UNION,47.64779,-122.33352,64.0,2.517696472610991,14.306951736483782
178000,178000,8.0,1.0,2000,Laboratory,181930.0,98104.0,EAST,47.60427,-122.32311,67.0,7.844032934894274,17.78893260526822
45700,45700,2.0,1.0,1988,Warehouse,293707.0,98178.0,SOUTHEAST,47.51098,-122.27817,99.0,2.803360380906535,14.250013135032397
502030,502030,2.0,8.0,1929,Other,564258.0,98115.0,NORTHEAST,47.68212,-122.2633,67.0,6.310118258229183,16.73167681437641
157345,157345,6.0,1.0,2012,Large Office,157345.0,98134.0,GREATER DUWAMISH,47.58995,-122.33472,63.0,4.533351898197619,16.268629712986197
136758,136758,5.0,1.0,2012,Residence Hall,207017.0,98195.0,NORTHEAST,47.65642,-122.31475,90.0,5.173094221793959,15.652142766357471
137138,137138,2.0,2.0,2012,Other,138602.0,98108.0,GREATER DUWAMISH,47.53246,-122.33304,67.0,3.66791114767774,15.51577004601991
330000,330000,8.0,1.0,2013,Hospital,241500.0,98145.0,NORTHEAST,47.66201,-122.28386,58.0,7.490356299418789,17.871883382738115
146363,146363,6.0,1.0,1987,Other,146363.0,98116.0,SOUTHWEST,47.5596,-122.38459,67.0,5.7897766678230616,16.277707619335818
67263,67263,1.0,1.0,2011,Supermarket / Grocery Store,67263.0,98116.0,SOUTHWEST,47.57984,-122.38577,78.0,5.868646984461759,16.50318715279283
70292,70292,2.0,1.0,2008,Worship Facility,70292.0,98105.0,NORTHEAST,47.6709,-122.27054,37.0,4.070564033556697,14.475004065606818
52000,52000,6.0,1.0,2013,Small- and Mid-Sized Office,48159.0,98122.0,CENTRAL,47.61432,-122.31257,100.0,3.7550182566179813,12.744689764556721
35780,35780,2.0,1.0,2014,K-12 School,38000.0,98122.0,EAST,47.61386,-122.32647,22.0,3.962525987601253,14.884441686905468
62662,47673,3.0,1.0,2013,Small- and Mid-Sized Office,47000.0,98144.0,DOWNTOWN,47.59666,-122.31253,67.0,3.0492730404820207,14.732653726411115
48925,48925,2.0,1.0,2014,K-12 School,63500.0,98125.0,NORTHWEST,47.73143,-122.32784,82.0,3.168003494494444,14.323565421717525
29000,29000,1.0,1.0,1962,Other,25100.0,98109.0,MAGNOLIA / QUEEN ANNE,47.62082,-122.35251,67.0,4.0249944840873075,14.70307871785888
99765,99765,2.0,1.0,1993,University,99765.0,98122.0,EAST,47.61699,-122.32083,67.0,4.321480134805848,14.973964809309866
428347,428347,3.0,1.0,1925,University,472384.0,98122.0,EAST,47.61748356,-122.321853,67.0,7.156028420568794,17.427027777474745
374466,374466,8.0,1.0,1920,Hospital,1010135.0,98101.0,EAST,47.60986,-122.32774,74.0,8.753357207381255,18.91504757178154
41198,41198,8.0,1.0,2010,Supermarket / Grocery Store,41198.0,98107.0,BALLARD,47.67034,-122.3873,44.0,4.425804257019769,15.865530819820924
40265,40265,2.0,1.0,2009,Other,40265.0,98108.0,SOUTHEAST,47.5626,-122.29396,67.0,3.9587157334201284,14.585235025480575
58779,58779,4.0,1.0,1969,University,58779.0,98195.0,NORTHEAST,47.65395,-122.30584,67.0,3.2932409068235073,15.42509206008888
203030,203030,6.0,1.0,1998,University,203030.0,98195.0,NORTHEAST,47.65356,-122.30613,67.0,5.300714491147758,17.750630933528164
166991,166991,2.0,1.0,1953,Residence Hall,166991.0,98195.0,NORTHEAST,47.65577,-122.3153,19.0,6.082675427161366,16.58596325051609
89392,89392,2.0,1.0,1970,Residence Hall,89392.0,98195.0,NORTHEAST,47.65447,-122.31733,16.0,3.902578546600146,15.75582012442297
97040,97040,2.0,1.0,2011,Residence Hall,97040.0,98195.0,NORTHEAST,47.65176,-122.30756,69.0,4.14962157771194,15.174984315801792
101580,87576,4.0,1.0,2014,Self-Storage Facility,87576.0,98144.0,SOUTHEAST,47.57054,-122.29139,67.0,2.3896797998449792,13.754534417341093
144614,144614,14.0,1.0,2015,Hotel,159500.0,98101.0,DOWNTOWN,47.61665,-122.33261,89.0,3.938080539747436,15.524807108447025
52085,47863,1.0,1.0,1955,Warehouse,52085.0,98108.0,GREATER DUWAMISH,47.54425,-122.31776,37.0,5.0670156275323635,15.0980698871671
24990,24990,2.0,1.0,1929,Small- and Mid-Sized Office,24990.0,98108.0,GREATER DUWAMISH,47.53161,-122.29944,9.0,4.911183215124596,15.30179764138188
72000,72000,1.0,1.0,2013,Other,72000.0,98155.0,NORTHEAST,47.68109,-122.2618,67.0,4.229021132213981,14.889072011554665
11685,11685,1.0,1.0,2013,Other,11685.0,98113.0,CENTRAL,47.59905,-122.29787,67.0,3.407179453339703,13.654231814999521
11968,11968,1.0,1.0,2010,Other,11968.0,98113.0,BALLARD,47.6933,-122.37717,67.0,3.1780538303479458,13.571429335435184
11285,11285,1.0,1.0,1949,Other,11285.0,98113.0,NORTH,47.72126,-122.29735,67.0,2.7324175575505043,13.378038201991442
23445,23445,1.0,1.0,1912,Other,23445.0,98113.0,EAST,47.63228,-122.31574,67.0,5.56152742707533,15.603303336935292
18261,18261,1.0,1.0,1982,Other,18261.0,98113.0,DELRIDGE NEIGHBORHOODS,47.54067,-122.37441,67.0,3.0601145324832593,13.745177279604707
16000,16000,1.0,1.0,2004,Other,16000.0,98113.0,DOWNTOWN,47.59625,-122.32283,67.0,3.501645852958961,13.764508997334081
